rank,cluster,n_events,weighted,high_sev,lat,lon,active_days,zone,junction,top_violation,events_per_day
1,2,47101,95658,1456,12.972634205528712,77.57760486849824,151,Upparpet,BTP040 - Elite Junction,WRONG PARKING,311.93
2,3,19541,39789,707,12.981958304001385,77.60806523178682,151,Shivajinagar,BTP051 - Safina Plaza Junction,WRONG PARKING,129.41
3,9,8147,18112,1818,12.933345475394196,77.69013454914813,109,HAL Old Airport,No Junction,NO PARKING,74.74
4,31,8620,17304,64,13.010287237795824,77.55330361967518,151,Malleshwaram,No Junction,WRONG PARKING,57.09
5,5,7892,15960,176,12.999145919628745,77.54925894862768,151,Malleshwaram,BTP027 - Modi Bridge Junction,WRONG PARKING,52.26
6,35,6871,13786,44,13.002395168646759,77.57067874733144,151,Malleshwaram,No Junction,WRONG PARKING,45.5
7,62,6372,12875,131,12.974521270987669,77.54722926077655,151,Vijayanagara,BTP020 - Hosahalli Metro Station,NO PARKING,42.2
8,55,4320,8655,15,13.071041881751627,77.5879391092072,126,Kodigehalli,No Junction,WRONG PARKING,34.29
9,23,3927,8649,795,13.185429641403106,77.68010464721925,144,Chikkajala,No Junction,NO PARKING,27.27
10,6,3450,7949,1049,13.00844512753212,77.69534285007371,150,K.R. Pura,No Junction,WRONG PARKING,23.0
11,27,3634,7357,89,12.96725743850306,77.53782455906058,145,Vijayanagara,"BTP016 - 5th Main Road, RPC Layout",WRONG PARKING,25.06
12,44,2872,5750,6,13.035343263036124,77.58903145143782,134,Hebbala,No Junction,NO PARKING,21.43
13,15,2000,5350,1350,12.93915282766888,77.69670187636568,126,HAL Old Airport,No Junction,PARKING IN A MAIN ROAD,15.87
14,17,2425,4868,18,12.992611148626434,77.58894827192249,89,High ground,BTP032 - Windsor Circle,WRONG PARKING,27.25
15,25,2210,4531,111,12.973346661065653,77.61811986051246,142,Halasur,No Junction,NO PARKING,15.56
16,104,2205,4466,56,12.96302850239331,77.71720180515497,88,HAL Old Airport,No Junction,WRONG PARKING,25.06
17,36,1967,3998,64,12.959455319115404,77.57707029959329,137,City Market,BTP104 - Medical College Circle,WRONG PARKING,14.36
18,22,1693,3996,610,13.00035632770638,77.67694877188616,109,Mahadevapura,No Junction,NO PARKING,15.53
19,113,1503,3980,974,12.996257082949771,77.66853581190242,130,Mahadevapura,No Junction,PARKING IN A MAIN ROAD,11.56
20,96,1902,3877,73,12.944052615809392,77.57132961956032,142,Basavanagudi,BTP108 - Tagore Park Junction,WRONG PARKING,13.39
21,39,1506,3847,835,12.948276121465696,77.69906472666861,107,HAL Old Airport,No Junction,PARKING IN A MAIN ROAD,14.07
22,33,1859,3808,90,12.928793232651962,77.58302772140935,143,Jayanagara,"BTP189 - New Diagonal Road, Jayanagar",NO PARKING,13.0
23,116,1861,3730,8,12.981259895916173,77.59845300209565,112,Shivajinagar,BTP042 - Minsk Square Junction (CTO),WRONG PARKING,16.62
24,40,1649,3341,43,12.992580689972705,77.55326938754891,111,Rajajinagar,"BTP011 - RR Kalyana Mantapa, Dr. Rajkumar Road",WRONG PARKING,14.86
25,21,1643,3296,10,12.926980059235468,77.67877356499658,102,Bellandur,No Junction,WRONG PARKING,16.11
26,16,1572,3159,15,12.841899305702805,77.645823196062,120,Electronic City,No Junction,WRONG PARKING,13.1
27,78,1444,2945,57,12.975699814317762,77.55981443626729,127,Magadi Road,No Junction,WRONG PARKING,11.37
28,24,1337,2882,208,12.95789486061858,77.70161198299452,138,HAL Old Airport,No Junction,NO PARKING,9.69
29,19,1193,2817,431,12.99556302748179,77.69571887029878,86,Mahadevapura,No Junction,NO PARKING,13.87
30,58,1226,2670,218,12.97705018319739,77.57077641199021,110,Chamarajpet,BTP048 - Shanthala Junction,NO PARKING,11.15
31,75,1218,2626,190,12.953104466089757,77.54213911332819,120,Byatarayanapura,BTP096 - Gali Anjaneya Temple,WRONG PARKING,10.15
32,72,1301,2607,5,12.986008238255616,77.55451180912718,135,Rajajinagar,BTP061 - Bhashyam Circle,WRONG PARKING,9.64
33,90,1244,2586,98,12.93542377363344,77.61523567355306,112,Adugodi,BTP135 - UCO Bank Junction,NO PARKING,11.11
34,45,1176,2455,103,12.959614949403695,77.64667788863154,121,Jeevanbheemanagar,No Junction,NO PARKING,9.72
35,106,1152,2306,2,12.961986594184028,77.5981734983507,64,Ashok Nagar,BTP172 - Nanjappa Circle,NO PARKING,18.0
36,70,1056,2251,139,12.985654733402573,77.54956825407184,114,Magadi Road,"BTP024 - NPS, Vijayanagar",WRONG PARKING,9.26
37,160,1075,2228,78,12.971746138268017,77.65809460057883,96,Jeevanbheemanagar,No Junction,NO PARKING,11.2
38,257,918,2170,334,12.970337608729851,77.64683418958869,120,Jeevanbheemanagar,No Junction,NO PARKING,7.65
39,14,1029,2145,87,13.005695626987746,77.68579699583056,79,K.R. Pura,No Junction,WRONG PARKING,13.03
40,85,1049,2113,15,13.027872468666905,77.57467691737652,111,Sadashivanagar,No Junction,WRONG PARKING,9.45
41,142,994,2065,77,12.971922934377398,77.60697560897127,119,Ashok Nagar,No Junction,NO PARKING,8.35
42,53,873,1748,2,13.047511142955326,77.5758807139748,91,Kodigehalli,No Junction,WRONG PARKING,9.59
43,77,726,1739,287,13.191242176556473,77.64621956804407,91,Chikkajala,No Junction,NO PARKING,7.98
44,74,800,1730,130,12.906578310736954,77.62986873335552,98,HSR Layout,No Junction,WRONG PARKING,8.16
45,135,843,1700,14,12.989426410794781,77.5997643628707,96,Shivajinagar,No Junction,WRONG PARKING,8.78
46,26,825,1683,33,12.971372196969698,77.59752308060607,111,Cubbon Park,BTP063 - Siddalingaiah Circle,NO PARKING,7.43
47,4,841,1683,1,12.99565115588585,77.61416260903685,102,Pulikeshinagar(F.Town),No Junction,NO PARKING,8.25
48,7,840,1682,2,12.912457752983753,77.63465210558697,95,HSR Layout,No Junction,WRONG PARKING,8.84
49,119,829,1674,16,12.990309335946923,77.57315377961399,112,Sheshadripuram,No Junction,NO PARKING,7.4
50,13,781,1604,42,12.969736341701417,77.6402218722212,108,Jeevanbheemanagar,No Junction,NO PARKING,7.23
51,20,774,1588,40,12.892065812081578,77.63795529172336,117,Hulimavu,No Junction,WRONG PARKING,6.62
52,50,777,1555,1,12.993632694612588,77.66268641207948,91,Banaswadi,No Junction,NO PARKING,8.54
53,76,715,1549,119,12.96437016811189,77.55395243762237,110,Magadi Road,No Junction,NO PARKING,6.5
54,86,743,1490,4,12.956270555181696,77.58586411709287,140,Wilson Garden,BTP192 - Urvashi Theater,NO PARKING,5.31
55,143,742,1485,1,12.960831263968261,77.52825913696113,18,Byatarayanapura,No Junction,WRONG PARKING,41.22
56,67,702,1458,54,12.988060034127427,77.53757211439188,86,Vijayanagara,BTP208 - Havanur Circle,WRONG PARKING,8.16
57,64,672,1433,89,13.063207152380953,77.58933278958334,80,Kodigehalli,No Junction,WRONG PARKING,8.4
58,88,680,1420,60,12.980417878996498,77.55671101246719,126,Magadi Road,BTP010 - Rajajinagar Entrance,NO PARKING,5.4
59,168,569,1268,130,12.971434829976436,77.71197618034473,83,HAL Old Airport,No Junction,WRONG PARKING,6.86
60,29,627,1254,0,12.911669911483253,77.6380972460925,82,HSR Layout,No Junction,NO PARKING,7.65
61,129,604,1217,9,13.097068767549668,77.5995226486755,84,Yelahanka,No Junction,WRONG PARKING,7.19
62,111,578,1160,4,13.000302992906574,77.61130209463668,88,Pulikeshinagar(F.Town),No Junction,NO PARKING,6.57
63,60,496,1144,152,12.98761031875,77.73461599516129,29,Mahadevapura,No Junction,WRONG PARKING,17.1
64,63,498,1143,147,13.017955529518073,77.5315916690763,77,Rajajinagar,No Junction,WRONG PARKING,6.47
65,280,548,1126,30,12.932378376824817,77.63171079051094,39,Adugodi,No Junction,NO PARKING,14.05
66,57,556,1121,9,13.025031442054608,77.5852941665038,105,R.T. Nagar,No Junction,WRONG PARKING,5.3
67,94,555,1118,8,12.995382853873874,77.6102788572973,66,Pulikeshinagar(F.Town),No Junction,WRONG PARKING,8.41
68,109,546,1106,14,12.908058999084249,77.600799257326,48,Mico Layout,BTP130 - GD Mara Junction,NO PARKING,11.38
69,125,535,1084,14,13.070878114712137,77.59220367714958,66,Kodigehalli,No Junction,WRONG PARKING,8.11
70,133,482,1054,90,13.030551215109591,77.53658293058807,100,Yeshwanthpura,No Junction,WRONG PARKING,4.82
71,8,506,1015,3,12.899735671542295,77.67546468423889,81,Bellandur,No Junction,NO PARKING,6.25
72,121,498,997,1,12.913688172891566,77.60653962730925,41,Mico Layout,No Junction,NO PARKING,12.15
73,99,403,967,161,12.97915320906512,77.69513964578609,80,Mahadevapura,No Junction,NO PARKING,5.04
74,1,426,958,106,12.957331476291081,77.51880838685445,75,Byatarayanapura,No Junction,WRONG PARKING,5.68
75,255,376,956,204,13.007785407978723,77.52681595425531,90,Rajajinagar,No Junction,PARKING IN A MAIN ROAD,4.18
76,185,352,952,248,12.95140705937277,77.71750075693939,43,Whitefield,No Junction,PARKING IN A MAIN ROAD,8.19
77,12,472,946,2,12.996329946398305,77.56313610529662,42,Sheshadripuram,No Junction,NO PARKING,11.24
78,79,458,925,9,12.968092826497777,77.58809149462387,75,Halasuru Gate,BTP076 - Hudson Circle,NO PARKING,6.11
79,34,410,908,88,12.978264600395569,77.63977107263958,64,Jeevanbheemanagar,No Junction,NO PARKING,6.41
80,241,450,900,0,12.88568055023396,77.64153236683616,91,Hulimavu,No Junction,WRONG PARKING,4.95
81,80,428,866,10,12.916980936875497,77.5735221337794,100,Banashankari,"BTP115 - Sahasra Hospital, Jayanagar",NO PARKING,4.28
82,204,420,840,0,12.939348539523808,77.58399402619048,25,Wilson Garden,"BTP186 - 9th Cross, 4th Main, Jayanagar",WRONG PARKING,16.8
83,49,407,830,16,12.983668980523216,77.57754216321572,91,High ground,BTP054 - Shivananda Circle,NO PARKING,4.47
84,180,412,830,6,12.94167107163653,77.56710186915022,79,Basavanagudi,No Junction,NO PARKING,5.22
85,157,406,823,11,13.050033149261083,77.59313205123152,58,Kodigehalli,No Junction,NO PARKING,7.0
86,123,402,821,17,12.960953354975125,77.51172422064677,99,Jnanabharathi,No Junction,NO PARKING,4.06
87,0,392,789,5,12.92521275787557,77.61884129839223,63,Madiwala,BTP137 - Madiwala Traffic PS Junction,NO PARKING,6.22
88,84,383,766,0,12.986627859530026,77.57447423577024,93,Sheshadripuram,No Junction,NO PARKING,4.12
89,137,372,745,1,12.876271938172042,77.59589566908602,50,Hulimavu,No Junction,NO PARKING,7.44
90,54,368,737,1,12.937193775176207,77.58494725055516,79,Wilson Garden,No Junction,NO PARKING,4.66
91,132,329,700,42,12.870449596136018,77.65487236394368,65,Electronic City,No Junction,WRONG PARKING,5.06
92,139,339,684,6,12.970588706194691,77.54632239115044,50,Vijayanagara,No Junction,NO PARKING,6.78
93,155,320,683,43,12.9771746746875,77.589997838125,58,Cubbon Park,BTP041 - Gopal Gowda Circle,NO PARKING,5.52
94,103,331,679,17,12.930919099999999,77.6065937305136,70,Mico Layout,No Junction,NO PARKING,4.73
95,174,323,673,27,13.027477033436533,77.5427979863777,56,Yeshwanthpura,No Junction,NO PARKING,5.77
96,131,328,662,6,13.022738187500002,77.59285219146342,38,R.T. Nagar,No Junction,WRONG PARKING,8.63
97,234,290,652,72,12.840490384074513,77.67685002751169,34,Electronic City,No Junction,NO PARKING,8.53
98,46,309,628,10,12.912050978820378,77.62591157708077,88,HSR Layout,No Junction,WRONG PARKING,3.51
99,127,244,625,137,13.03390214986739,77.55779785179271,34,Yeshwanthpura,No Junction,PARKING IN A MAIN ROAD,7.18
100,156,289,609,31,13.018774229954104,77.55799042561478,61,Yeshwanthpura,No Junction,NO PARKING,4.74
101,150,297,595,1,13.093669325589225,77.59422586498316,33,Yelahanka,No Junction,WRONG PARKING,9.0
102,89,274,590,42,12.996635283189582,77.58431543723286,69,Sheshadripuram,BTP032 - Windsor Circle,NO PARKING,3.97
103,43,282,589,25,12.92673009539007,77.5508001251773,33,Banashankari,BTP155 - Katriguppe Junction,NO PARKING,8.55
104,51,290,582,2,12.8886372639977,77.56270309762137,70,Thalagattapura,No Junction,NO PARKING,4.14
105,69,219,566,128,12.979048506849315,77.6287740150685,58,Halasur,No Junction,PARKING IN A MAIN ROAD,3.78
106,339,218,563,127,12.931399717893246,77.69546417180058,26,HAL Old Airport,No Junction,PARKING IN A MAIN ROAD,8.38
107,222,255,526,16,12.935966543137255,77.5179502517647,50,Byatarayanapura,No Junction,WRONG PARKING,5.1
108,298,204,509,101,12.926627886692204,77.69482696380341,39,Bellandur,No Junction,PARKING IN A MAIN ROAD,5.23
109,327,251,504,2,12.95857967569721,77.66824194183268,21,HAL Old Airport,No Junction,WRONG PARKING,11.95
110,276,205,503,93,13.121539685073172,77.63117647195122,41,Chikkajala,No Junction,PARKING IN A MAIN ROAD,5.0
111,98,249,499,1,12.875952157429719,77.64790890562249,46,Hulimavu,No Junction,WRONG PARKING,5.41
112,202,249,498,0,13.034705177108433,77.62446499196788,27,K.G. Halli,No Junction,NO PARKING,9.22
113,42,248,497,1,12.945172254350982,77.5950446605242,67,Wilson Garden,"BTP123 - 10th Cross, Wilson Garden",NO PARKING,3.7
114,326,246,493,1,12.96105763542905,77.63696215318839,63,Halasur,"BTP145 - Sri Hatti Maramma Circle, Domluru",NO PARKING,3.9
115,262,218,480,44,12.966396849999999,77.64152852889907,40,Jeevanbheemanagar,"BTP148 - 17th Main, Doopanahalli Bus Stop",NO PARKING,5.45
116,147,227,466,12,12.957890433733896,77.5817751297199,43,City Market,BTP167 - JC Road Junction,WRONG PARKING,5.28
117,224,225,460,10,12.987066793333332,77.58028611644444,63,High ground,BTP054 - Shivananda Circle,NO PARKING,3.57
118,10,227,456,2,12.988823753406955,77.59220539395277,64,High ground,BTP034 - LRDE Junction,WRONG PARKING,3.55
119,120,181,455,93,12.930653414917126,77.60981967790056,62,Mico Layout,BTP140 - Madiwala Check Post,PARKING IN A MAIN ROAD,2.92
120,235,214,449,21,13.040029005451713,77.51859106775701,63,Peenya,No Junction,NO PARKING,3.4
121,225,222,444,0,12.984246098648649,77.56008814369369,52,Rajajinagar,BTP010 - Rajajinagar Entrance,WRONG PARKING,4.27
122,47,170,427,87,12.93676011117647,77.60168644058824,80,Mico Layout,BTP126 - Dairy Circle,PARKING IN A MAIN ROAD,2.12
123,154,210,427,7,12.979993439047618,77.59310293714286,40,Cubbon Park,BTP047 - Vidhan Soudha Metro Station,NO PARKING,5.25
124,244,156,418,106,13.015315963917317,77.55517652368958,37,Malleshwaram,No Junction,PARKING IN A MAIN ROAD,4.22
125,184,171,414,72,12.917082214619882,77.59622472982456,32,Jayanagara,"BTP202 - East End Main Road, Jayanagar",NO PARKING,5.34
126,200,205,410,0,13.05048904097561,77.52553097804878,25,Jalahalli,No Junction,NO PARKING,8.2
127,18,205,410,0,12.934983163902437,77.53648782439025,31,Banashankari,No Junction,NO PARKING,6.61
128,239,174,403,55,13.028914081218128,77.53973939502694,63,Yeshwanthpura,No Junction,NO PARKING,2.76
129,97,189,402,24,12.913537298412699,77.58579091904761,56,J.P. Nagar,"BTP197 - 9th Cross, 24th Main, JP Nagar",WRONG PARKING,3.38
130,114,191,386,4,13.045406147643979,77.50712732198953,70,Peenya,No Junction,WRONG PARKING,2.73
131,105,191,385,3,12.982425568530534,77.56302431012163,43,Magadi Road,BTP010 - Rajajinagar Entrance,NO PARKING,4.44
132,179,128,384,128,13.00346156015625,77.723504590625,32,K.R. Pura,No Junction,PARKING IN A MAIN ROAD,4.0
133,82,164,377,49,13.04585767804878,77.75032576158536,73,K.R. Pura,No Junction,NO PARKING,2.25
134,430,124,371,123,12.991613743548386,77.65240180806451,4,Banaswadi,No Junction,PARKING IN A MAIN ROAD,31.0
135,242,174,370,22,12.963587773956084,77.6415323476153,42,Jeevanbheemanagar,"BTP148 - 17th Main, Doopanahalli Bus Stop",NO PARKING,4.14
136,115,183,369,3,12.989299886338799,77.50060290819673,28,Kamakshipalya,No Junction,NO PARKING,6.54
137,183,184,368,0,12.920855464091458,77.66539796439943,69,Bellandur,No Junction,WRONG PARKING,2.67
138,181,179,362,4,13.057272460335197,77.54697255083799,67,Jalahalli,No Junction,NO PARKING,2.67
139,201,163,358,32,13.050940479141104,77.55268960674847,42,Jalahalli,No Junction,NO PARKING,3.88
140,136,174,353,5,13.008506927586208,77.54301932643678,57,Rajajinagar,No Junction,NO PARKING,3.05
141,66,124,351,103,12.926598747580647,77.60894333548386,55,Mico Layout,No Junction,PARKING IN A MAIN ROAD,2.25
142,195,172,346,2,12.938248444540223,77.5769177183956,43,Basavanagudi,BTP216 - Yediyur Junction,WRONG PARKING,4.0
143,232,169,339,1,12.912377639053254,77.68109877751479,67,Bellandur,No Junction,NO PARKING,2.52
144,126,162,334,10,12.991874096296296,77.53841732777778,29,Vijayanagara,BTP207 - 8th Main Road Basaveshwara Nagar,WRONG PARKING,5.59
145,188,166,332,0,12.986998812911175,77.51922823005897,23,Kamakshipalya,No Junction,NO PARKING,7.22
146,282,161,326,4,12.948112063975154,77.57998476583852,29,Basavanagudi,BTP184 - Lalbagh West Gate,NO PARKING,5.55
147,240,160,320,0,12.894721667499999,77.59911326875,35,J.P. Nagar,No Junction,NO PARKING,4.57
148,81,144,313,25,12.916937768510701,77.67301423368056,57,Bellandur,No Junction,WRONG PARKING,2.53
149,260,149,313,15,12.91734111409396,77.5782625590604,44,Jayanagara,"BTP176 - Rajalakshmi Kalyana Mantapa, JP Nagar",NO PARKING,3.39
150,128,150,309,9,12.896655932666667,77.720044262,60,Whitefield,No Junction,WRONG PARKING,2.5
151,425,154,308,0,12.992607436363636,77.55806462857143,18,Rajajinagar,BTP009 - Prakash Nagar Junction,WRONG PARKING,8.56
152,95,152,306,2,13.00451270495776,77.55353266184358,41,Malleshwaram,"BTP001 - 10th Cross, Dr. Rajkumar Road",WRONG PARKING,3.71
153,165,147,300,6,12.911045955782313,77.5731909367347,46,J.P. Nagar,"BTP117 - 9th Cross, Kanakapura Road",WRONG PARKING,3.2
154,37,150,300,0,12.906815148613388,77.69667747595804,26,Bellandur,No Junction,WRONG PARKING,5.77
155,292,146,295,3,12.961176465753425,77.5868661438356,35,Halasuru Gate,BTP180 - Swagath Poornima Theatre,WRONG PARKING,4.17
156,194,145,292,2,12.999317639310345,77.62485585517241,25,Pulikeshinagar(F.Town),No Junction,NO PARKING,5.8
157,196,143,288,2,12.91374191657657,77.67810882638359,45,Bellandur,No Junction,WRONG PARKING,3.18
158,151,137,285,11,12.92546871459854,77.63376092262773,51,Adugodi,No Junction,NO PARKING,2.69
159,191,137,277,3,13.099632316058395,77.58864032627737,24,Yelahanka,No Junction,NO PARKING,5.71
160,190,135,270,0,12.948952147407407,77.59771274592593,35,Wilson Garden,"BTP123 - 10th Cross, Wilson Garden",WRONG PARKING,3.86
161,317,133,269,3,13.040072003007518,77.58965247969924,46,Kodigehalli,No Junction,WRONG PARKING,2.89
162,248,128,269,13,12.95545641796875,77.58011163359375,40,City Market,BTP119 - Minerva Circle,WRONG PARKING,3.2
163,259,131,263,1,13.002921919083969,77.55338848778625,21,Malleshwaram,"BTP001 - 10th Cross, Dr. Rajkumar Road",WRONG PARKING,6.24
164,219,97,263,69,12.935598704123711,77.60815586804124,33,Mico Layout,BTP136 - Hosur-Tavarkere Road Junction,PARKING IN A MAIN ROAD,2.94
165,140,127,259,5,13.05832383241624,77.59150362350752,48,Kodigehalli,No Junction,WRONG PARKING,2.65
166,406,88,259,83,12.98550324318182,77.74575118295455,6,Whitefield,No Junction,PARKING IN A MAIN ROAD,14.67
167,149,120,249,9,12.99012075989129,77.5036321275,54,Kamakshipalya,No Junction,NO PARKING,2.22
168,237,124,248,0,12.940246636290324,77.57301039193548,20,Basavanagudi,BTP109 - Dewan Madhava Rao Junction,NO PARKING,6.2
169,38,120,245,5,12.962442035,77.58969855416667,55,Halasuru Gate,BTP064 - Devanga Hostel Junction,NO PARKING,2.18
170,214,116,243,11,12.940563869827585,77.52460952327586,25,Byatarayanapura,No Junction,WRONG PARKING,4.64
171,208,120,243,3,13.058495773459523,77.59305887129307,36,Kodigehalli,No Junction,NO PARKING,3.33
172,178,121,242,0,12.880673831723685,77.64513438058194,38,Electronic City,No Junction,WRONG PARKING,3.18
173,73,97,240,46,12.906861641151266,77.54607373013634,34,K.S. Layout,No Junction,PARKING IN A MAIN ROAD,2.85
174,238,118,237,1,12.972474962711864,77.62608884745764,50,Halasur,No Junction,NO PARKING,2.36
175,267,86,233,61,12.96364174444285,77.73308398070021,16,Whitefield,No Junction,PARKING IN A MAIN ROAD,5.38
176,273,115,233,3,12.973700946086955,77.60943453043478,36,Ashok Nagar,No Junction,NO PARKING,3.19
177,61,100,232,32,12.971637363,77.507607438,45,Jnanabharathi,No Junction,NO PARKING,2.22
178,163,114,230,2,12.931573680701755,77.58606272631579,40,Jayanagara,BTP219 - Canara Bank Junction,NO PARKING,2.85
179,159,115,230,0,13.022513104375063,77.63792346759247,19,Banaswadi,No Junction,WRONG PARKING,6.05
180,212,83,230,64,12.909644942100647,77.55006313682195,27,K.S. Layout,No Junction,PARKING IN A MAIN ROAD,3.07
181,233,113,227,1,12.998313738938052,77.58179363274336,22,Sheshadripuram,No Junction,NO PARKING,5.14
182,153,100,224,24,12.920075927224715,77.6210009661352,40,Madiwala,BTP137 - Madiwala Traffic PS Junction,NO PARKING,2.5
183,355,111,222,0,12.95682518018018,77.57514487747747,23,V.V.Puram (C.Pet),BTP105 - Shivasankara Circle,NO PARKING,4.83
184,321,110,222,2,12.97445662909091,77.71093571545455,16,Mahadevapura,No Junction,WRONG PARKING,6.88
185,112,107,215,1,13.047097272897197,77.50101565607476,7,Peenya,No Junction,WRONG PARKING,15.29
186,311,105,214,4,12.981165804097413,77.58845063710223,30,Cubbon Park,BTP052 - CID Carlton House Junction,NO PARKING,3.5
187,171,102,211,7,12.988184961764706,77.57713626666667,30,Sheshadripuram,BTP054 - Shivananda Circle,WRONG PARKING,3.4
188,41,105,210,0,13.053889828571428,77.59275297428572,7,Kodigehalli,No Junction,WRONG PARKING,15.0
189,423,77,209,55,12.855330093506494,77.66460324675325,20,Electronic City,No Junction,PARKING IN A MAIN ROAD,3.85
190,101,92,209,25,12.818469145652173,77.68921812934782,27,Electronic City,No Junction,WRONG PARKING,3.41
191,340,84,208,40,12.93653666309524,77.60596134761904,30,Mico Layout,BTP136 - Hosur-Tavarkere Road Junction,NO PARKING,2.8
192,250,102,205,1,12.897549632736009,77.63478041464671,21,HSR Layout,No Junction,WRONG PARKING,4.86
193,110,87,204,30,12.932038645334897,77.515703482337,36,Kengeri,No Junction,NO PARKING,2.42
194,210,100,201,1,12.951582209000001,77.607579767,22,Ashok Nagar,BTP132 - Anepalya Junction,NO PARKING,4.55
195,229,82,200,36,13.07179062682927,77.63372604756097,31,Hennuru,No Junction,NO PARKING,2.65
196,100,88,197,21,12.999029160227273,77.6880472,37,Mahadevapura,No Junction,WRONG PARKING,2.38
197,48,98,196,0,12.903630848637492,77.70419969501029,45,Bellandur,No Junction,WRONG PARKING,2.18
198,261,93,195,9,13.022179793548387,77.53273832150538,50,Yeshwanthpura,No Junction,WRONG PARKING,1.86
199,117,91,194,12,13.006891052747253,77.57890393296702,31,Sadashivanagar,No Junction,NO PARKING,2.94
200,56,96,194,2,12.985422550000001,77.59414193229166,34,Cubbon Park,BTP166 - Coffee Board Junction,NO PARKING,2.82
201,52,95,194,4,12.961145043157895,77.58385941368421,27,Halasuru Gate,"BTP168 - MSR Building, JC Road",NO PARKING,3.52
202,203,82,191,27,12.959347391670116,77.65619576679069,27,Jeevanbheemanagar,No Junction,NO PARKING,3.04
203,254,93,187,1,12.937198730967742,77.62706875978495,52,Adugodi,No Junction,WRONG PARKING,1.79
204,193,79,185,27,12.955712527848101,77.54604896202531,32,Byatarayanapura,"BTP094 - Sri Skanda Complex, Mysore Road",NO PARKING,2.47
205,319,90,184,4,13.14422736111111,77.61786848222222,17,Chikkajala,No Junction,NO PARKING,5.29
206,118,91,183,1,12.988185557142858,77.57234086703296,17,Sheshadripuram,No Junction,WRONG PARKING,5.35
207,220,87,182,8,12.98705661243718,77.61943376326293,41,Pulikeshinagar(F.Town),No Junction,NO PARKING,2.12
208,245,91,182,0,12.938308325274726,77.59263327362638,58,Wilson Garden,No Junction,NO PARKING,1.57
209,271,88,181,5,12.946269147247248,77.58801977017151,20,Wilson Garden,No Junction,NO PARKING,4.4
210,161,90,180,0,12.962214052647571,77.6491210208789,23,Jeevanbheemanagar,No Junction,NO PARKING,3.91
211,286,86,180,8,13.041899549224807,77.51450470581395,30,Peenya,No Junction,NO PARKING,2.87
212,122,88,176,0,13.054947672727273,77.50761436250001,44,Chikkabanavara,No Junction,NO PARKING,2.0
213,221,84,174,6,12.966819779761904,77.6582731404762,10,Jeevanbheemanagar,No Junction,WRONG PARKING,8.4
214,162,86,172,0,12.98790106976744,77.6179533255814,22,Pulikeshinagar(F.Town),No Junction,NO PARKING,3.91
215,11,86,172,0,12.916424089534884,77.65172401511627,47,HSR Layout,No Junction,NO PARKING,1.83
216,182,84,170,2,13.06002542860293,77.57659064252104,32,Kodigehalli,No Junction,WRONG PARKING,2.62
217,144,85,170,0,12.911805672941176,77.64453538705882,16,HSR Layout,No Junction,WRONG PARKING,5.31
218,361,85,170,0,12.971097450588235,77.59293722117647,18,Halasuru Gate,BTP063 - Siddalingaiah Circle,NO PARKING,4.72
219,205,84,168,0,12.919633408333333,77.58366773928572,42,Jayanagara,"BTP191 - 40th Cross, 4th Main, Jayanagar",WRONG PARKING,2.0
220,169,83,166,0,13.099080440963856,77.57708061566265,18,Yelahanka,No Junction,NO PARKING,4.61
221,277,82,165,1,12.954170958536585,77.59074332317073,49,Wilson Garden,BTP103 - Shanti Nagar TTMC,NO PARKING,1.67
222,278,79,165,7,12.989182530379747,77.5078141607595,30,Kamakshipalya,No Junction,NO PARKING,2.63
223,365,81,163,1,12.922934496296296,77.6515125962963,35,HSR Layout,No Junction,NO PARKING,2.31
224,424,80,160,0,12.9222769725,77.58071597125,10,Jayanagara,"BTP190 - 36th Cross, 4th Main, Jayanagar",NO PARKING,8.0
225,207,78,159,3,13.006493182051281,77.59288293846154,46,R.T. Nagar,No Junction,NO PARKING,1.7
226,249,77,158,4,12.924239059245405,77.67329610540575,29,Bellandur,No Junction,WRONG PARKING,2.66
227,176,78,158,2,12.922559646530031,77.62263915998923,17,Madiwala,BTP137 - Madiwala Traffic PS Junction,NO PARKING,4.59
228,230,79,158,0,13.037097950632912,77.57460620379747,14,Kodigehalli,No Junction,WRONG PARKING,5.64
229,312,78,156,0,12.938564824080705,77.57999907789002,23,Basavanagudi,"BTP186 - 9th Cross, 4th Main, Jayanagar",NO PARKING,3.39
230,189,78,156,0,12.944726033333334,77.59707934487179,29,Wilson Garden,"BTP123 - 10th Cross, Wilson Garden",NO PARKING,2.69
231,263,78,156,0,12.954658330769231,77.59315810897436,41,Wilson Garden,"BTP102 - BMTC Junction, KH Road",NO PARKING,1.9
232,343,61,156,34,12.947730878688525,77.53409549180327,27,Byatarayanapura,No Junction,PARKING IN A MAIN ROAD,2.26
233,172,57,155,41,13.002788784210527,77.5259365491228,30,Rajajinagar,No Junction,PARKING IN A MAIN ROAD,1.9
234,412,55,153,43,12.95057473818182,77.52188898363636,7,Byatarayanapura,No Junction,PARKING IN A MAIN ROAD,7.86
235,192,76,152,0,12.980075511842106,77.65217394210526,14,Banaswadi,No Junction,NO PARKING,5.43
236,173,76,152,0,12.881806838157894,77.59587265263157,44,J.P. Nagar,No Junction,WRONG PARKING,1.73
237,331,62,152,28,12.942207454838709,77.7472309580645,25,Whitefield,No Junction,PARKING IN A MAIN ROAD,2.48
238,285,74,150,2,12.840895483783783,77.65022004324324,37,Electronic City,No Junction,WRONG PARKING,2.0
239,177,72,148,4,12.94218535138889,77.62233667777778,30,Adugodi,No Junction,NO PARKING,2.4
240,300,73,147,1,13.183896921917809,77.68633291369864,15,Chikkajala,No Junction,WRONG PARKING,4.87
241,446,73,147,1,13.001347539726028,77.59536990958904,11,R.T. Nagar,No Junction,WRONG PARKING,6.64
242,264,65,145,15,12.894380683767205,77.6572200090609,33,HSR Layout,No Junction,NO PARKING,1.97
243,30,71,143,1,12.916417518309858,77.63824962112676,39,HSR Layout,No Junction,NO PARKING,1.82
244,206,71,142,0,12.986194545070422,77.73364850845071,19,Whitefield,No Junction,NO PARKING,3.74
245,369,70,142,2,12.997680608571429,77.55919464142858,25,Rajajinagar,No Junction,WRONG PARKING,2.8
246,389,71,142,0,12.996064654929578,77.61693844084508,27,Pulikeshinagar(F.Town),No Junction,NO PARKING,2.63
247,199,55,141,31,12.960292849090909,77.56256672181817,12,Chamarajpet,"BTP089 - Police Quarters, Sultan Road",PARKING IN A MAIN ROAD,4.58
248,350,52,140,36,12.968404557692308,77.70130968076923,24,HAL Old Airport,No Junction,PARKING IN A MAIN ROAD,2.17
249,279,67,140,6,13.244959801492538,77.71297670597015,25,Devanahalli Airport,No Junction,NO PARKING,2.68
250,409,70,140,0,13.007137525714285,77.62158840714285,5,Pulikeshinagar(F.Town),No Junction,NO PARKING,14.0
251,304,61,139,17,12.9720972,77.59414498688524,16,Cubbon Park,BTP063 - Siddalingaiah Circle,NO PARKING,3.81
252,287,53,138,32,12.981125967983289,77.6305165218868,15,Halasur,No Junction,PARKING IN A MAIN ROAD,3.53
253,228,48,138,42,12.907868696398454,77.53285099639278,25,K.S. Layout,No Junction,PARKING IN A MAIN ROAD,1.92
254,366,69,138,0,12.976184573913043,77.59941003913043,12,Cubbon Park,No Junction,WRONG PARKING,5.75
255,65,66,135,3,12.951851471212121,77.59065949848484,29,Wilson Garden,BTP121 - KH Circle,NO PARKING,2.28
256,218,66,134,2,12.951790970033981,77.57690606045455,22,V.V.Puram (C.Pet),BTP106 - VV Puram College,WRONG PARKING,3.0
257,93,57,134,20,12.968925129824562,77.60186094210526,17,Ashok Nagar,"BTP099 - Cash Pharmacy, Residency Road",NO PARKING,3.35
258,256,58,133,17,13.005579308620689,77.58067473448276,15,Sadashivanagar,No Junction,NO PARKING,3.87
259,213,66,132,0,12.991874495454544,77.5944159909091,20,High ground,No Junction,NO PARKING,3.3
260,382,66,132,0,13.060429112121213,77.65208788636365,11,Hennuru,No Junction,NO PARKING,6.0
261,293,59,130,12,12.967981381355932,77.57018748813559,25,Chamarajpet,BTP085 - Briyand Circle,WRONG PARKING,2.36
262,226,65,130,0,12.947152827692307,77.59076769384616,19,Wilson Garden,BTP122 - Siddapura Junction,NO PARKING,3.42
263,303,65,130,0,12.975042192307692,77.60403623692308,17,Cubbon Park,No Junction,NO PARKING,3.82
264,418,52,126,22,12.957993784615384,77.56736136538461,14,Chamarajpet,BTP214 - 5th Main Chamrajpet  Junction,PARKING IN A MAIN ROAD,3.71
265,295,63,126,0,12.970230435824204,77.6101713562783,23,Ashok Nagar,No Junction,NO PARKING,2.74
266,223,62,125,1,13.184175583870967,77.6877559516129,17,Chikkajala,No Junction,WRONG PARKING,3.65
267,209,55,124,14,12.97487083667292,77.62544044191661,35,Halasur,No Junction,NO PARKING,1.57
268,329,60,123,3,12.976123415,77.53143443666666,20,Vijayanagara,BTP214 - 5th Main Chamrajpet  Junction,WRONG PARKING,3.0
269,247,59,123,5,13.099272710676603,77.59741940536394,21,Yelahanka,No Junction,WRONG PARKING,2.81
270,351,60,121,1,13.047368928333333,77.57166136333333,25,Kodigehalli,No Junction,WRONG PARKING,2.4
271,323,59,118,0,12.9566053,77.70857811864407,11,HAL Old Airport,No Junction,WRONG PARKING,5.36
272,68,59,118,0,12.912007879661017,77.6516397762712,24,HSR Layout,No Junction,NO PARKING,2.46
273,124,58,116,0,12.895207403448277,77.67584750344828,8,Bellandur,No Junction,WRONG PARKING,7.25
274,341,44,115,27,12.977897602272726,77.71309371818182,3,Mahadevapura,No Junction,PARKING IN A MAIN ROAD,14.67
275,308,57,114,0,13.068741254385964,77.53007105438596,15,Jalahalli,No Junction,WRONG PARKING,3.8
276,275,56,114,2,12.96702481607143,77.59993578214286,21,Ashok Nagar,"BTP099 - Cash Pharmacy, Residency Road",NO PARKING,2.67
277,332,57,114,0,12.974103268421052,77.50911452631578,31,Jnanabharathi,No Junction,NO PARKING,1.84
278,197,56,114,2,13.016129608928571,77.54990239464287,30,Rajajinagar,No Junction,WRONG PARKING,1.87
279,360,44,114,26,12.93812259090909,77.74678693181818,23,Whitefield,No Junction,PARKING IN A MAIN ROAD,1.91
280,328,52,113,9,12.94020634423077,77.61998681153847,8,Adugodi,No Junction,WRONG PARKING,6.5
281,302,55,113,3,12.96727566,77.59425905818182,25,Halasuru Gate,BTP203 - RRMR Junction,WRONG PARKING,2.2
282,170,56,112,0,12.960462996428571,77.6015616607143,19,Ashok Nagar,BTP172 - Nanjappa Circle,NO PARKING,2.95
283,216,56,112,0,12.905885682142857,77.5423933,27,K.S. Layout,No Junction,WRONG PARKING,2.07
284,415,51,112,10,12.95635828100782,77.73212280970041,17,Whitefield,No Junction,WRONG PARKING,3.0
285,246,41,112,30,12.82012177804878,77.68757346097561,11,Electronic City,No Junction,PARKING IN A MAIN ROAD,3.73
286,274,55,111,1,13.055048496363636,77.53468928909092,32,Jalahalli,No Junction,WRONG PARKING,1.72
287,301,47,110,16,12.967936880851065,77.59238815957447,14,Halasuru Gate,BTP203 - RRMR Junction,NO PARKING,3.36
288,399,40,109,29,12.926986522499998,77.5970689,8,Jayanagara,"BTP127 - Sagar Hospital, Jayanagar",PARKING IN A MAIN ROAD,5.0
289,186,54,108,0,12.982687055555557,77.60145942592592,8,Shivajinagar,BTP211 - Central Street Junction,NO PARKING,6.75
290,148,49,108,10,13.011014546938775,77.5836038755102,13,Sadashivanagar,BTP030 - Mekhri Circle,WRONG PARKING,3.77
291,434,53,107,1,13.014129711320754,77.49203863584906,6,Kamakshipalya,No Junction,WRONG PARKING,8.83
292,265,48,106,10,12.969764335416668,77.70042641875,16,HAL Old Airport,No Junction,NO PARKING,3.0
293,268,53,106,0,12.909563883018867,77.64453004150943,5,HSR Layout,No Junction,NO PARKING,10.6
294,236,52,105,1,12.901465565384616,77.59379572115384,16,J.P. Nagar,No Junction,NO PARKING,3.25
295,352,44,105,17,13.000647647727272,77.52548934772727,14,Rajajinagar,No Junction,NO PARKING,3.14
296,316,52,104,0,13.050210111538462,77.49452639807693,34,Chikkabanavara,No Junction,WRONG PARKING,1.53
297,403,46,104,12,12.983233284782608,77.75211790652175,14,Whitefield,No Junction,WRONG PARKING,3.29
298,146,52,104,0,12.920065603846155,77.6103982423077,20,Mico Layout,"BTP163 - 16th Main Road, BTM Layout",WRONG PARKING,2.6
299,362,50,104,4,12.98908093,77.608940192,10,Pulikeshinagar(F.Town),No Junction,NO PARKING,5.0
300,346,47,102,8,12.875800587620311,77.54390521326697,28,Thalagattapura,No Junction,NO PARKING,1.68
301,284,45,102,12,13.019004613333333,77.55329198666666,23,Yeshwanthpura,No Junction,WRONG PARKING,1.96
302,187,51,102,0,12.99340542745098,77.57398314509804,18,Sheshadripuram,No Junction,NO PARKING,2.83
303,91,50,101,1,12.983803165892288,77.52901284584715,26,Kamakshipalya,No Junction,NO PARKING,1.92
304,175,46,100,8,12.914374173661916,77.4813237345186,22,Kengeri,No Junction,NO PARKING,2.09
305,410,50,100,0,12.949195778,77.576866596,16,V.V.Puram (C.Pet),BTP193 - Vasavi Circle,NO PARKING,3.12
306,370,49,99,1,12.910342816326532,77.68568529183673,31,Bellandur,No Junction,NO PARKING,1.58
307,87,39,99,21,13.035793317948718,77.73544751794871,23,K.R. Pura,No Junction,PARKING NEAR ROAD CROSSING,1.7
308,435,49,98,0,13.003523763265306,77.66275438163265,5,Banaswadi,No Junction,NO PARKING,9.8
309,325,45,97,7,12.90472582,77.5857022888889,17,J.P. Nagar,"BTP221 - 15th Cross, 24th Main, JP Nagar",WRONG PARKING,2.65
310,386,35,96,26,12.911439402061262,77.5520474569901,16,K.S. Layout,No Junction,PARKING IN A MAIN ROAD,2.19
311,211,48,96,0,13.002397863391652,77.75720262357869,14,Mahadevapura,No Junction,WRONG PARKING,3.43
312,253,48,96,0,12.903515704166667,77.64208810625,8,HSR Layout,No Junction,WRONG PARKING,6.0
313,290,41,95,13,12.963041090243902,77.55960381219512,24,Magadi Road,BTP091 - Sirsi Circle,NO PARKING,1.71
314,452,47,94,0,12.8509053,77.65745645744681,4,Electronic City,No Junction,WRONG PARKING,11.75
315,342,36,94,22,12.98125656080639,77.64068413549678,11,Jeevanbheemanagar,No Junction,PARKING IN A MAIN ROAD,3.27
316,270,46,94,2,12.900280423913044,77.58586522608695,31,J.P. Nagar,No Junction,NO PARKING,1.48
317,445,47,94,0,12.99957035531915,77.5969679468085,3,R.T. Nagar,No Junction,WRONG PARKING,15.67
318,258,41,94,12,12.875834058536586,77.67126286341463,16,Electronic City,No Junction,WRONG PARKING,2.56
319,83,46,93,1,12.893852654347826,77.5678181826087,28,K.S. Layout,No Junction,NO PARKING,1.64
320,333,43,93,7,12.918137655813954,77.67105063488371,22,Bellandur,No Junction,WRONG PARKING,1.95
321,356,42,93,9,13.048744841666668,77.49828000952381,7,Chikkabanavara,No Junction,NO PARKING,6.0
322,402,46,92,0,12.884168736257013,77.59804480833238,3,Hulimavu,No Junction,WRONG PARKING,15.33
323,374,45,90,0,12.99861634222222,77.55577004888889,14,Malleshwaram,BTP008 - Navarang Theatre,WRONG PARKING,3.21
324,376,45,90,0,12.875980586666666,77.61669127555555,27,Hulimavu,No Junction,NO PARKING,1.67
325,296,45,90,0,13.02220932,77.63968163333334,21,Banaswadi,No Junction,WRONG PARKING,2.14
326,281,44,89,1,13.012910043181819,77.62641310454545,22,Banaswadi,No Junction,NO PARKING,2.0
327,400,34,89,21,13.049075011764707,77.49688356568628,22,Chikkabanavara,No Junction,PARKING IN A MAIN ROAD,1.55
328,152,44,88,0,12.966916870454547,77.54730365454544,25,Magadi Road,No Junction,NO PARKING,1.76
329,345,44,88,0,13.035893681818182,77.57500312272727,1,Kodigehalli,No Junction,WRONG PARKING,44.0
330,141,44,88,0,13.00710800681818,77.75729448863636,22,Mahadevapura,No Junction,NO PARKING,2.0
331,359,40,87,7,12.983959953834193,77.6406421619225,8,Jeevanbheemanagar,No Junction,WRONG PARKING,5.0
332,59,43,86,0,12.917065086046511,77.50018434883721,7,Kengeri,No Junction,NO PARKING,6.14
333,347,42,86,2,12.938467966666668,77.53353107857143,12,Banashankari,No Junction,WRONG PARKING,3.5
334,217,43,86,0,13.04568748372093,77.62716916976744,11,Hennuru,No Junction,NO PARKING,3.91
335,299,41,86,4,12.974208846341465,77.56624812682927,8,Magadi Road,BTP074 - Leprosy Hospital Junction,NO PARKING,5.12
336,145,42,85,1,13.02640954047619,77.72057378095238,23,K.R. Pura,No Junction,NO PARKING,1.83
337,444,33,85,19,12.976599403030303,77.62664704848486,12,Halasur,No Junction,PARKING IN A MAIN ROAD,2.75
338,28,42,84,0,12.919606545238096,77.64507015714285,18,HSR Layout,No Junction,NO PARKING,2.33
339,383,41,83,1,13.06879189512195,77.6259800804878,8,Hennuru,No Junction,NO PARKING,5.12
340,380,36,83,11,12.92206116388889,77.58587075,14,Jayanagara,"BTP226 - 33rd Cross, 11th Main, Jayanagar",WRONG PARKING,2.57
341,266,38,81,5,13.004171747147172,77.75695267769997,26,Mahadevapura,No Junction,NO PARKING,1.46
342,401,40,80,0,12.857645023654106,77.58899478766426,23,Hulimavu,No Junction,NO PARKING,1.74
343,297,40,80,0,12.9670903275,77.542884405,4,Vijayanagara,No Junction,WRONG PARKING,10.0
344,358,34,80,12,12.955764214705882,77.71848335882353,22,Whitefield,No Junction,WRONG PARKING,1.55
345,338,37,80,6,13.081696324552622,77.54822187396788,26,Yelahanka,No Junction,NO PARKING,1.42
346,71,35,80,10,12.911292675174629,77.48029741785189,20,Kengeri,No Junction,NO PARKING,1.75
347,390,32,79,15,13.0059965875,77.620648321875,2,Pulikeshinagar(F.Town),No Junction,DOUBLE PARKING,16.0
348,227,29,78,20,12.958845056434146,77.6597944046081,11,Jeevanbheemanagar,No Junction,PARKING IN A MAIN ROAD,2.64
349,334,39,78,0,12.918266812820512,77.65174212307693,21,HSR Layout,No Junction,WRONG PARKING,1.86
350,269,39,78,0,12.992522405128206,77.65987584615384,15,Banaswadi,No Junction,NO PARKING,2.6
351,251,37,78,4,12.95817975945946,77.57196375135135,11,V.V.Puram (C.Pet),BTP105 - Shivasankara Circle,NO PARKING,3.36
352,291,39,78,0,12.990531012820513,77.61213569743589,5,Pulikeshinagar(F.Town),No Junction,NO PARKING,7.8
353,377,39,78,0,12.921375196696223,77.66706822457486,16,Bellandur,No Junction,WRONG PARKING,2.44
354,392,35,78,8,12.883505015541335,77.75225740940857,20,No Police Station,No Junction,WRONG PARKING,1.75
355,158,39,78,0,12.931522266666667,77.5925452102564,8,Jayanagara,No Junction,WRONG PARKING,4.88
356,138,33,77,11,12.968851151515151,77.56796295151514,18,Chamarajpet,No Junction,NO PARKING,1.83
357,393,30,76,16,12.958079596666666,77.55408972000001,12,Chamarajpet,"BTP093 - Toll Gate, Mysore Road",PARKING IN A MAIN ROAD,2.5
358,307,36,76,4,12.944393727777777,77.52692979166666,8,Byatarayanapura,BTP098 - Nayandahalli Junction,NO PARKING,4.5
359,413,27,75,21,13.01510214074074,77.5296501037037,4,Rajajinagar,No Junction,PARKING IN A MAIN ROAD,6.75
360,134,37,75,1,12.99944962162162,77.48877121081081,8,Kamakshipalya,No Junction,WRONG PARKING,4.62
361,272,37,74,0,12.960422908108109,77.57992161081081,7,City Market,BTP167 - JC Road Junction,WRONG PARKING,5.29
362,437,36,74,2,12.862470394444445,77.5302106,12,Thalagattapura,No Junction,NO PARKING,3.0
363,381,37,74,0,12.987239167567568,77.55991724594594,10,Rajajinagar,"BTP015 - Suguna Hospital, Dr. Rajkumar Road",WRONG PARKING,3.7
364,92,36,74,2,12.906426788888888,77.57342898055555,18,J.P. Nagar,"BTP159 - JP Nagar Metro, ORR",NO PARKING,2.0
365,243,37,74,0,12.976762067567568,77.54869007297297,23,Magadi Road,BTP069 - MC Circle,WRONG PARKING,1.61
366,324,37,74,0,12.872969121332536,77.59423508628491,6,Hulimavu,No Junction,WRONG PARKING,6.17
367,378,36,72,0,12.948451686111111,77.57229244722222,6,V.V.Puram (C.Pet),BTP107 - National College Junction,NO PARKING,6.0
368,379,35,72,2,13.060770322857143,77.46126350571429,12,No Police Station,No Junction,WRONG PARKING,2.92
369,130,35,72,2,13.058597734285714,77.46639705142857,15,No Police Station,No Junction,WRONG PARKING,2.33
370,283,36,72,0,13.122139755555557,77.61086149444445,17,Yelahanka,No Junction,WRONG PARKING,2.12
371,309,36,72,0,13.00059331111111,77.61491202777778,13,Pulikeshinagar(F.Town),No Junction,NO PARKING,2.77
372,368,32,72,8,12.9795597125,77.591271134375,10,Cubbon Park,BTP047 - Vidhan Soudha Metro Station,NO PARKING,3.2
373,348,36,72,0,12.940048305555557,77.60932562222223,21,Adugodi,BTP133 - Adugodi Junction,NO PARKING,1.71
374,318,29,71,13,12.985454634482759,77.70822608275861,9,Mahadevapura,No Junction,PARKING IN A MAIN ROAD,3.22
375,107,29,71,13,13.083470989655172,77.63823221034482,14,Hennuru,No Junction,WRONG PARKING,2.07
376,439,29,71,13,12.954733679310344,77.58245923103448,9,City Market,BTP119 - Minerva Circle,WRONG PARKING,3.22
377,448,35,70,0,13.018782999999999,77.5922200542857,6,R.T. Nagar,No Junction,WRONG PARKING,5.83
378,166,34,69,1,12.96711176764706,77.56809430882353,16,Chamarajpet,BTP085 - Briyand Circle,NO PARKING,2.12
379,395,34,69,1,13.032926208823529,77.62727469411765,7,K.G. Halli,No Junction,NO PARKING,4.86
380,367,32,68,4,12.906333175,77.590770303125,10,J.P. Nagar,BTP222 - Delmia Circle,NO PARKING,3.2
381,371,34,68,0,13.054571623529412,77.76292769705883,2,K.R. Pura,No Junction,NO PARKING,17.0
382,32,34,68,0,13.009035370588235,77.75884386764706,11,Mahadevapura,No Junction,NO PARKING,3.09
383,411,33,68,2,12.918822909090908,77.66973438484848,17,Bellandur,No Junction,NO PARKING,1.94
384,384,34,68,0,12.945343879411766,77.57998142058824,6,Basavanagudi,BTP185 - RV Teachers College,NO PARKING,5.67
385,442,33,66,0,13.119982384848486,77.61002153333334,9,Yelahanka,No Junction,WRONG PARKING,3.67
386,164,33,66,0,12.988659966666667,77.55893783333333,13,Rajajinagar,"BTP015 - Suguna Hospital, Dr. Rajkumar Road",WRONG PARKING,2.54
387,387,33,66,0,13.098212824242426,77.5844740060606,6,Yelahanka,No Junction,WRONG PARKING,5.5
388,420,27,66,12,13.06813081111111,77.62938534074074,15,Hennuru,No Junction,NO PARKING,1.8
389,322,31,65,3,12.910828241935484,77.5876165967742,12,J.P. Nagar,"BTP197 - 9th Cross, 24th Main, JP Nagar",NO PARKING,2.58
390,391,32,64,0,12.905831975,77.63882030625,18,HSR Layout,No Junction,WRONG PARKING,1.78
391,252,32,64,0,12.973115609375,77.600253415625,22,Cubbon Park,No Junction,NO PARKING,1.45
392,354,32,64,0,12.97547925161046,77.55400241629127,21,Magadi Road,BTP071 - Prasanna Junction,WRONG PARKING,1.52
393,231,32,64,0,12.9590334125,77.5792033,15,City Market,BTP167 - JC Road Junction,WRONG PARKING,2.13
394,306,31,63,1,12.976096880645162,77.61495096774193,19,Halasur,No Junction,NO PARKING,1.63
395,417,31,63,1,12.985432876487193,77.47991801516129,10,Kamakshipalya,No Junction,WRONG PARKING,3.1
396,407,30,62,2,12.920894733333334,77.60065804000001,11,Mico Layout,BTP128 - Gorappanapalya Junction,NO PARKING,2.73
397,353,31,62,0,13.050020332258065,77.63020849677419,4,Hennuru,No Junction,NO PARKING,7.75
398,294,31,62,0,13.05009790967742,77.50771022903227,15,Chikkabanavara,No Junction,NO PARKING,2.07
399,419,31,62,0,12.95799593593388,77.56941335617613,7,V.V.Puram (C.Pet),BTP217 - Baleyele Junction,NO PARKING,4.43
400,431,25,62,12,12.99088789146379,77.68771763057538,3,Mahadevapura,No Junction,PARKING IN A MAIN ROAD,8.33
401,198,30,61,1,12.96617706,77.54848233999999,16,Magadi Road,No Junction,NO PARKING,1.88
402,373,26,61,9,13.055170111538462,77.76449870769231,3,K.R. Pura,No Junction,WRONG PARKING,8.67
403,289,29,61,3,12.925942472413793,77.61728346896551,15,Madiwala,BTP138 - Sarjapur Road Check Post,NO PARKING,1.93
404,108,27,61,7,13.083630655555556,77.63696145555556,13,Hennuru,No Junction,WRONG PARKING,2.08
405,432,29,61,3,13.010229220689654,77.54336875172415,13,Rajajinagar,No Junction,WRONG PARKING,2.23
406,414,29,60,2,12.88330801724138,77.54888930689656,12,Thalagattapura,No Junction,NO PARKING,2.42
407,416,30,60,0,12.960604356666666,77.57145862666667,11,V.V.Puram (C.Pet),BTP212 - Minto Junction,NO PARKING,2.73
408,455,30,60,0,12.924767886659872,77.57523983525714,1,Banashankari,"BTP114 - KR Road Junction, Near JSS",NO PARKING,30.0
409,449,29,60,2,13.00458886551724,77.59381083793104,9,R.T. Nagar,No Junction,NO PARKING,3.22
410,398,30,60,0,12.998241606666666,77.69312697333334,1,Mahadevapura,No Junction,WRONG PARKING,30.0
411,102,30,60,0,12.973520396666666,77.54153989666666,9,Vijayanagara,BTP020 - Hosahalli Metro Station,NO PARKING,3.33
412,421,30,60,0,12.927173556666666,77.62098304999999,19,Madiwala,No Junction,WRONG PARKING,1.58
413,330,30,60,0,12.93333927,77.61520929,8,Adugodi,BTP140 - Madiwala Check Post,NO PARKING,3.75
414,336,29,59,1,12.941514558620689,77.58512434827587,16,Wilson Garden,No Junction,NO PARKING,1.81
415,314,29,59,1,12.960006775862068,77.58746092413793,19,Halasuru Gate,BTP180 - Swagath Poornima Theatre,NO PARKING,1.53
416,288,29,59,1,13.00202381830708,77.63277472081634,9,Banaswadi,No Junction,NO PARKING,3.22
417,335,25,59,9,12.969622109726469,77.7499162790082,12,Whitefield,No Junction,NO PARKING,2.08
418,405,29,58,0,12.939735244827586,77.62549095862069,12,Adugodi,No Junction,NO PARKING,2.42
419,396,29,58,0,12.910633224137932,77.58520246206896,7,J.P. Nagar,"BTP197 - 9th Cross, 24th Main, JP Nagar",WRONG PARKING,4.14
420,394,29,58,0,12.93741774137931,77.61069875172414,9,Adugodi,BTP136 - Hosur-Tavarkere Road Junction,WRONG PARKING,3.22
421,447,29,58,0,12.854323651724139,77.6621129448276,4,Electronic City,No Junction,NO PARKING,7.25
422,167,29,58,0,12.915108531034484,77.6158164551724,5,Mico Layout,"BTP164 - 29th Main Road, BTM Layout",WRONG PARKING,5.8
423,215,28,57,1,12.919945064285715,77.580725625,9,Jayanagara,"BTP191 - 40th Cross, 4th Main, Jayanagar",WRONG PARKING,3.11
424,357,25,57,7,13.042026176,77.61357498000001,11,Hebbala,No Junction,WRONG PARKING,2.27
425,310,24,57,9,12.927692737500001,77.63329257083333,11,Adugodi,No Junction,NO PARKING,2.18
426,438,27,56,2,12.87169205925926,77.53897145185185,12,Thalagattapura,No Junction,WRONG PARKING,2.25
427,305,28,56,0,12.835813842857144,77.67910803214285,20,Electronic City,No Junction,WRONG PARKING,1.4
428,441,28,56,0,12.92347021606603,77.58350030929651,13,Jayanagara,"BTP190 - 36th Cross, 4th Main, Jayanagar",NO PARKING,2.15
429,337,28,56,0,12.970558292857143,77.60012409642857,15,Cubbon Park,"BTP099 - Cash Pharmacy, Residency Road",NO PARKING,1.87
430,429,28,56,0,13.01750735,77.59182546071429,10,R.T. Nagar,No Junction,WRONG PARKING,2.8
431,408,26,56,4,12.957169215384615,77.5689457576923,20,V.V.Puram (C.Pet),BTP217 - Baleyele Junction,NO PARKING,1.3
432,372,28,56,0,13.019811789285715,77.55589074285714,13,Yeshwanthpura,No Junction,NO PARKING,2.15
433,320,28,56,0,12.967234628571429,77.71427478928571,11,HAL Old Airport,No Junction,WRONG PARKING,2.55
434,315,27,55,1,12.974336077777778,77.61087534444444,10,Ashok Nagar,No Junction,NO PARKING,2.7
435,397,26,55,3,13.06405413076923,77.65113567307692,4,Hennuru,No Junction,WRONG PARKING,6.5
436,349,27,54,0,13.032341392592594,77.5638845962963,3,Yeshwanthpura,No Junction,WRONG PARKING,9.0
437,428,26,54,2,12.986813496153845,77.60848991153847,5,Pulikeshinagar(F.Town),No Junction,NO PARKING,5.2
438,385,26,54,2,12.903927846153845,77.6759788076923,14,Bellandur,No Junction,NO PARKING,1.86
439,451,25,54,4,12.983898328,77.708248408,8,Mahadevapura,No Junction,WRONG PARKING,3.12
440,344,25,54,4,12.91700836,77.58588608,17,Jayanagara,"BTP177 - Aurobindo Circle, ORR",NO PARKING,1.47
441,450,26,53,1,12.985404626923078,77.58831383846153,20,High ground,BTP035 - Basaweshwara Circle (LH) Junction,WRONG PARKING,1.3
442,404,26,52,0,12.954009992307693,77.57222016923077,4,V.V.Puram (C.Pet),BTP106 - VV Puram College,NO PARKING,6.5
443,436,26,52,0,12.987490446153846,77.55193476153846,14,Rajajinagar,BTP018 - Dhobi Ghat Junction,WRONG PARKING,1.86
444,427,26,52,0,13.03596686923077,77.62316124230769,9,K.G. Halli,No Junction,NO PARKING,2.89
445,440,25,50,0,12.963095332,77.601374588,6,Ashok Nagar,BTP172 - Nanjappa Circle,NO PARKING,4.17
446,453,25,50,0,13.055677756,77.594206536,6,Hebbala,No Junction,NO PARKING,4.17
447,313,25,50,0,12.938772555999998,77.578378564,8,Basavanagudi,"BTP186 - 9th Cross, 4th Main, Jayanagar",NO PARKING,3.12
448,443,25,50,0,12.987542176,77.601958068,4,Shivajinagar,No Junction,WRONG PARKING,6.25
449,364,25,50,0,13.021123872,77.52847926,16,Yeshwanthpura,No Junction,WRONG PARKING,1.56
450,454,25,50,0,12.961122732,77.560328896,3,Chamarajpet,BTP091 - Sirsi Circle,NO PARKING,8.33
451,375,24,49,1,12.973266966666666,77.6109800375,14,Ashok Nagar,No Junction,NO PARKING,1.71
452,433,20,48,8,12.99832982,77.671702775,13,Banaswadi,No Junction,NO PARKING,1.54
453,426,20,48,8,13.008082785,77.57984281,12,Sadashivanagar,No Junction,NO PARKING,1.67
454,422,24,48,0,12.9874896992804,77.60385956242787,12,Shivajinagar,No Junction,NO PARKING,2.0
455,388,17,45,11,12.924384405882352,77.58593759411764,6,Jayanagara,"BTP226 - 33rd Cross, 11th Main, Jayanagar",PARKING IN A MAIN ROAD,2.83
456,363,17,34,0,13.069662758823528,77.58532230588236,3,Kodigehalli,No Junction,NO PARKING,5.67
