police_station,week_start,y,lag1,lag2,lag3,lag4,roll4,roll4_std,t,month,zone_code,has_holiday,avg_temp,pred
Adugodi,2024-03-18,227.0,210.0,137.0,223.0,245.0,203.75,46.78585968716047,18,3,0,0,28.0,203.10471591295908
Adugodi,2024-03-25,183.0,227.0,210.0,137.0,223.0,199.25,42.12975986955856,19,3,0,1,28.0,182.8478534528292
Adugodi,2024-04-01,232.0,183.0,227.0,210.0,137.0,189.25,39.263002092725074,20,4,0,0,30.0,189.27937060092677
Adugodi,2024-04-08,13.0,232.0,183.0,227.0,210.0,213.0,22.105806175452347,21,4,0,1,30.0,193.8259434160522
Ashok Nagar,2024-03-18,49.0,54.0,89.0,169.0,56.0,92.0,53.78351668184841,18,3,1,0,28.0,85.29454783120786
Ashok Nagar,2024-03-25,80.0,49.0,54.0,89.0,169.0,90.25,55.433894565208625,19,3,1,1,28.0,55.70150125130448
Ashok Nagar,2024-04-01,67.0,80.0,49.0,54.0,89.0,68.0,19.510680835549195,20,4,1,0,30.0,77.56556290645196
Ashok Nagar,2024-04-08,4.0,67.0,80.0,49.0,54.0,62.5,13.916417163432069,21,4,1,1,30.0,46.610014530132645
Banashankari,2024-03-18,14.0,39.0,65.0,29.0,34.0,41.75,16.028620235898863,18,3,2,0,28.0,46.958133038790805
Banashankari,2024-03-25,42.0,14.0,39.0,65.0,29.0,36.75,21.453437952924933,19,3,2,1,28.0,11.860954542091406
Banashankari,2024-04-01,157.0,42.0,14.0,39.0,65.0,40.0,20.864643139371765,20,4,2,0,30.0,47.74790779795157
Banashankari,2024-04-08,0.0,157.0,42.0,14.0,39.0,63.0,63.91139700136953,21,4,2,1,30.0,80.59967494755972
Banaswadi,2024-03-18,203.0,123.0,198.0,125.0,143.0,147.25,35.00833234150599,18,3,3,0,28.0,140.70834066076858
Banaswadi,2024-03-25,262.0,203.0,123.0,198.0,125.0,162.25,44.2219779446073,19,3,3,1,28.0,153.98223493920676
Banaswadi,2024-04-01,147.0,262.0,203.0,123.0,198.0,196.5,56.97075273038499,20,4,3,0,30.0,220.18366082953304
Banaswadi,2024-04-08,1.0,147.0,262.0,203.0,123.0,183.75,62.00739203245584,21,4,3,1,30.0,151.992230546376
Basavanagudi,2024-03-18,81.0,80.0,74.0,156.0,109.0,104.75,37.4288213368611,18,3,4,0,28.0,99.97015868063949
Basavanagudi,2024-03-25,267.0,81.0,80.0,74.0,156.0,97.75,38.95617195430444,19,3,4,1,28.0,70.99746552238827
Basavanagudi,2024-04-01,465.0,267.0,81.0,80.0,74.0,125.5,94.38396756511847,20,4,4,0,30.0,182.1607529354492
Basavanagudi,2024-04-08,48.0,465.0,267.0,81.0,80.0,223.25,183.58717275452554,21,4,4,1,30.0,292.72482651104974
Bellandur,2024-03-18,167.0,110.0,145.0,84.0,191.0,132.5,46.321341373784485,18,3,5,0,28.0,126.41156100989755
Bellandur,2024-03-25,262.0,167.0,110.0,145.0,84.0,126.5,36.79220932027157,19,3,5,1,28.0,120.09076072997027
Bellandur,2024-04-01,208.0,262.0,167.0,110.0,145.0,171.0,65.04869970516971,20,4,5,0,30.0,206.0132142728501
Bellandur,2024-04-08,13.0,208.0,262.0,167.0,110.0,186.75,64.27739364141445,21,4,5,1,30.0,175.15200947242377
Byatarayanapura,2024-03-18,127.0,166.0,124.0,344.0,157.0,197.75,99.15770267609075,18,3,6,0,28.0,190.32643418231035
Byatarayanapura,2024-03-25,131.0,127.0,166.0,124.0,344.0,190.25,104.27008199862516,19,3,6,1,28.0,144.31588155086484
Byatarayanapura,2024-04-01,84.0,131.0,127.0,166.0,124.0,137.0,19.544820285692435,20,4,6,0,30.0,138.11154495932033
Byatarayanapura,2024-04-08,15.0,84.0,131.0,127.0,166.0,127.0,33.595634637057856,21,4,6,1,30.0,91.89044957233683
Chamarajpet,2024-03-18,99.0,214.0,303.0,272.0,82.0,217.75,97.72879139059626,18,3,7,0,28.0,221.93768660433446
Chamarajpet,2024-03-25,119.0,99.0,214.0,303.0,272.0,222.0,89.9147744626359,19,3,7,1,28.0,156.12695880569305
Chamarajpet,2024-04-01,127.0,119.0,99.0,214.0,303.0,183.75,94.00487576007258,20,4,7,0,30.0,163.19827951869866
Chamarajpet,2024-04-08,13.0,127.0,119.0,99.0,214.0,139.75,50.88139804158964,21,4,7,1,30.0,114.26167613305253
Chikkabanavara,2024-03-18,16.0,45.0,33.0,18.0,27.0,30.75,11.32475165290684,18,3,8,0,28.0,42.38217363975545
Chikkabanavara,2024-03-25,33.0,16.0,45.0,33.0,18.0,28.0,13.638181696986452,19,3,8,1,28.0,7.453089173387696
Chikkabanavara,2024-04-01,72.0,33.0,16.0,45.0,33.0,31.75,11.92686044187724,20,4,8,0,30.0,40.38877956465822
Chikkabanavara,2024-04-08,8.0,72.0,33.0,16.0,45.0,41.5,23.558437978779832,21,4,8,1,30.0,36.335293563413074
Chikkajala,2024-03-18,241.0,223.0,283.0,391.0,416.0,328.25,90.85290309065535,18,3,9,0,28.0,285.5042850739705
Chikkajala,2024-03-25,108.0,241.0,223.0,283.0,391.0,284.5,75.31932023060227,19,3,9,1,28.0,239.70066494333014
Chikkajala,2024-04-01,133.0,108.0,241.0,223.0,283.0,213.75,74.84817967058392,20,4,9,0,30.0,178.59662163856643
Chikkajala,2024-04-08,8.0,133.0,108.0,241.0,223.0,176.25,65.59153908851363,21,4,9,1,30.0,139.9941825741833
City Market,2024-03-18,611.0,628.0,828.0,1030.0,754.0,810.0,168.30923919975402,18,3,10,0,28.0,723.7535000926235
City Market,2024-03-25,923.0,611.0,628.0,828.0,1030.0,774.25,196.92363155971574,19,3,10,1,28.0,665.3405074347775
City Market,2024-04-01,899.0,923.0,611.0,628.0,828.0,747.5,152.96295847906015,20,4,10,0,30.0,781.9552484724626
City Market,2024-04-08,90.0,899.0,923.0,611.0,628.0,765.25,168.72536857271942,21,4,10,1,30.0,768.7829562106574
Cubbon Park,2024-03-18,139.0,80.0,62.0,83.0,116.0,85.25,22.500000000000796,18,3,11,0,28.0,87.25389274178735
Cubbon Park,2024-03-25,143.0,139.0,80.0,62.0,83.0,91.0,33.3166624979159,19,3,11,1,28.0,88.55973105526266
Cubbon Park,2024-04-01,112.0,143.0,139.0,80.0,62.0,106.0,41.109609582189364,20,4,11,0,30.0,126.09267191178454
Cubbon Park,2024-04-08,23.0,112.0,143.0,139.0,80.0,118.5,29.126162351627602,21,4,11,1,30.0,98.48752070493197
Devanahalli Airport,2024-03-18,53.0,33.0,62.0,56.0,75.0,56.5,17.55942292142229,18,3,12,0,28.0,54.159796880779936
Devanahalli Airport,2024-03-25,38.0,53.0,33.0,62.0,56.0,51.0,12.569805089978018,19,3,12,1,28.0,33.68624746948197
Devanahalli Airport,2024-04-01,39.0,38.0,53.0,33.0,62.0,46.5,13.379088160261048,20,4,12,0,30.0,51.24616725719824
Devanahalli Airport,2024-04-08,5.0,39.0,38.0,53.0,33.0,40.75,8.5780728216407,21,4,12,1,30.0,24.53065395521648
Electronic City,2024-03-18,140.0,148.0,135.0,222.0,370.0,218.75,107.86836113213812,18,3,13,0,28.0,193.19545972329274
Electronic City,2024-03-25,188.0,140.0,148.0,135.0,222.0,161.25,40.85237651185915,19,3,13,1,28.0,130.43338072554891
Electronic City,2024-04-01,165.0,188.0,140.0,148.0,135.0,152.75,24.10221289978788,20,4,13,0,30.0,167.98307347298461
Electronic City,2024-04-08,23.0,165.0,188.0,140.0,148.0,160.25,21.234798484249886,21,4,13,1,30.0,140.82785038049488
HAL Old Airport,2024-03-18,603.0,1061.0,724.0,877.0,1065.0,931.75,163.929608877306,18,3,14,0,28.0,938.2148382806446
HAL Old Airport,2024-03-25,756.0,603.0,1061.0,724.0,877.0,816.25,197.97200980609992,19,3,14,1,28.0,695.5346437809519
HAL Old Airport,2024-04-01,357.0,756.0,603.0,1061.0,724.0,786.0,194.8144416275819,20,4,14,0,30.0,755.1810095153871
HAL Old Airport,2024-04-08,31.0,357.0,756.0,603.0,1061.0,694.25,294.6086387056562,21,4,14,1,30.0,536.8707432027334
HSR Layout,2024-03-18,155.0,88.0,79.0,89.0,250.0,126.5,82.4560488987912,18,3,15,0,28.0,116.44635968141367
HSR Layout,2024-03-25,194.0,155.0,88.0,79.0,89.0,102.75,35.12240500497049,19,3,15,1,28.0,101.718261862986
HSR Layout,2024-04-01,147.0,194.0,155.0,88.0,79.0,129.0,55.02120803229585,20,4,15,0,30.0,158.62398407079536
HSR Layout,2024-04-08,3.0,147.0,194.0,155.0,88.0,146.0,43.7797517885439,21,4,15,1,30.0,128.8861911180071
Halasur,2024-03-18,147.0,95.0,95.0,236.0,142.0,142.0,66.46803743153431,18,3,16,0,28.0,130.54812370955665
Halasur,2024-03-25,77.0,147.0,95.0,95.0,236.0,143.25,66.51503589414837,19,3,16,1,28.0,122.67270982253339
Halasur,2024-04-01,103.0,77.0,147.0,95.0,95.0,103.5,30.215889859473663,20,4,16,0,30.0,101.23010041751354
Halasur,2024-04-08,118.0,103.0,77.0,147.0,95.0,105.5,29.726531359486092,21,4,16,1,30.0,87.07196621263546
Halasuru Gate,2024-03-18,272.0,190.0,105.0,191.0,379.0,216.25,115.74505029013775,18,3,17,0,28.0,206.28466918893733
Halasuru Gate,2024-03-25,253.0,272.0,190.0,105.0,191.0,189.5,68.1884643225415,19,3,17,1,28.0,195.79887368231263
Halasuru Gate,2024-04-01,200.0,253.0,272.0,190.0,105.0,205.0,75.31710739710147,20,4,17,0,30.0,227.6150588152969
Halasuru Gate,2024-04-08,7.0,200.0,253.0,272.0,190.0,228.75,39.944753514487765,21,4,17,1,30.0,196.42044066582707
Hebbala,2024-03-18,93.0,140.0,145.0,137.0,131.0,138.25,5.852349955346928,18,3,18,0,28.0,140.52790417648995
Hebbala,2024-03-25,82.0,93.0,140.0,145.0,137.0,128.75,24.06068716114558,19,3,18,1,28.0,95.74699465997895
Hebbala,2024-04-01,67.0,82.0,93.0,140.0,145.0,115.0,32.135131346651065,20,4,18,0,30.0,108.89509616594805
Hebbala,2024-04-08,12.0,67.0,82.0,93.0,140.0,95.5,31.52247875194011,21,4,18,1,30.0,67.78534699638371
Hennuru,2024-03-18,17.0,9.0,7.0,10.0,38.0,16.0,14.719601443874618,18,3,19,0,28.0,21.771728053085525
Hennuru,2024-03-25,5.0,17.0,9.0,7.0,10.0,10.75,4.349329450215945,19,3,19,1,28.0,0.0
Hennuru,2024-04-01,147.0,5.0,17.0,9.0,7.0,9.5,5.259911279338819,20,4,19,0,30.0,18.258110101654125
Hennuru,2024-04-08,13.0,147.0,5.0,17.0,9.0,44.5,68.51520512509016,21,4,19,1,30.0,68.05562265810696
High ground,2024-03-18,65.0,54.0,134.0,77.0,39.0,76.0,41.705315408628564,18,3,20,0,28.0,76.9731030612482
High ground,2024-03-25,137.0,65.0,54.0,134.0,77.0,82.5,35.59494346111337,19,3,20,1,28.0,59.21338299060446
High ground,2024-04-01,91.0,137.0,65.0,54.0,134.0,97.5,44.1248229458188,20,4,20,0,30.0,117.53434737286523
High ground,2024-04-08,4.0,91.0,137.0,65.0,54.0,86.75,36.91770126465791,21,4,20,1,30.0,73.38921290239298
Hulimavu,2024-03-18,125.0,82.0,140.0,169.0,223.0,153.5,58.77924803874117,18,3,21,0,28.0,131.53637494579215
Hulimavu,2024-03-25,93.0,125.0,82.0,140.0,169.0,129.0,36.267524499656595,19,3,21,1,28.0,106.6170367122252
Hulimavu,2024-04-01,63.0,93.0,125.0,82.0,140.0,110.0,27.067816067546428,20,4,21,0,30.0,109.74084931770167
Hulimavu,2024-04-08,43.0,63.0,93.0,125.0,82.0,90.75,25.97915831328114,21,4,21,1,30.0,64.94631978704479
J.P. Nagar,2024-03-18,71.0,103.0,115.0,56.0,48.0,80.5,33.4315220512995,18,3,22,0,28.0,95.73500650358966
J.P. Nagar,2024-03-25,91.0,71.0,103.0,115.0,56.0,86.25,27.415020213984736,19,3,22,1,28.0,64.0824990017347
J.P. Nagar,2024-04-01,48.0,91.0,71.0,103.0,115.0,95.0,18.761663039289942,20,4,22,0,30.0,99.61729045960554
J.P. Nagar,2024-04-08,1.0,48.0,91.0,71.0,103.0,78.25,24.10221289978422,21,4,22,1,30.0,51.457113200494035
Jalahalli,2024-03-18,19.0,12.0,68.0,25.0,34.0,34.75,23.935677693905472,18,3,23,0,28.0,35.89241767841381
Jalahalli,2024-03-25,33.0,19.0,12.0,68.0,25.0,31.0,25.232254490364586,19,3,23,1,28.0,12.106137554618755
Jalahalli,2024-04-01,50.0,33.0,19.0,12.0,68.0,33.0,24.913182588070192,20,4,23,0,30.0,42.470576906369246
Jalahalli,2024-04-08,5.0,50.0,33.0,19.0,12.0,28.5,16.782927833561214,21,4,23,1,30.0,22.588137067468864
Jayanagara,2024-03-18,52.0,85.0,209.0,138.0,113.0,136.25,53.112302404118466,18,3,24,0,28.0,124.8259568168319
Jayanagara,2024-03-25,267.0,52.0,85.0,209.0,138.0,121.0,68.53223086013271,19,3,24,1,28.0,79.92187515176536
Jayanagara,2024-04-01,242.0,267.0,52.0,85.0,209.0,153.25,101.58206862762015,20,4,24,0,30.0,198.29134024566844
Jayanagara,2024-04-08,65.0,242.0,267.0,52.0,85.0,161.5,108.70909192273906,21,4,24,1,30.0,175.8689586953103
Jeevanbheemanagar,2024-03-18,233.0,218.0,380.0,178.0,211.0,246.75,90.52946113466709,18,3,25,0,28.0,239.84364764534217
Jeevanbheemanagar,2024-03-25,239.0,233.0,218.0,380.0,178.0,252.25,88.27372202416676,19,3,25,1,28.0,224.45251346602606
Jeevanbheemanagar,2024-04-01,156.0,239.0,233.0,218.0,380.0,267.5,75.5182097245417,20,4,25,0,30.0,255.65711238437063
Jeevanbheemanagar,2024-04-08,22.0,156.0,239.0,233.0,218.0,211.5,38.039453203218685,21,4,25,1,30.0,170.56212927255265
Jnanabharathi,2024-03-18,19.0,19.0,15.0,26.0,28.0,22.0,6.055300708184099,18,3,26,0,28.0,29.36211391099758
Jnanabharathi,2024-03-25,32.0,19.0,19.0,15.0,26.0,19.75,4.573474244656346,19,3,26,1,28.0,4.105135873826754
Jnanabharathi,2024-04-01,35.0,32.0,19.0,19.0,15.0,21.25,7.410578025129678,20,4,26,0,30.0,35.35620635801476
Jnanabharathi,2024-04-08,2.0,35.0,32.0,19.0,19.0,26.25,8.460693430990236,21,4,26,1,30.0,15.708522215560208
K.G. Halli,2024-03-18,16.0,5.0,112.0,74.0,18.0,52.25,49.828873824987596,18,3,27,0,28.0,47.060129721162895
K.G. Halli,2024-03-25,9.0,16.0,5.0,112.0,74.0,51.75,50.29496329984942,19,3,27,1,28.0,24.696752576906476
K.G. Halli,2024-04-01,35.0,9.0,16.0,5.0,112.0,35.5,51.20221349381816,20,4,27,0,30.0,36.71884892256759
K.G. Halli,2024-04-08,3.0,35.0,9.0,16.0,5.0,16.25,13.301002468480892,21,4,27,1,30.0,10.05269538752836
K.R. Pura,2024-03-18,317.0,161.0,407.0,290.0,227.0,271.25,104.71031467816273,18,3,28,0,28.0,236.81409878390505
K.R. Pura,2024-03-25,233.0,317.0,161.0,407.0,290.0,293.75,101.65751324914388,19,3,28,1,28.0,276.83405367072095
K.R. Pura,2024-04-01,266.0,233.0,317.0,161.0,407.0,279.5,106.2497058819452,20,4,28,0,30.0,262.99479469471993
K.R. Pura,2024-04-08,130.0,266.0,233.0,317.0,161.0,244.25,65.37774850818788,21,4,28,1,30.0,231.65395939936053
K.S. Layout,2024-03-18,34.0,80.0,37.0,15.0,44.0,44.0,26.993826454701214,18,3,29,0,28.0,65.02328563311215
K.S. Layout,2024-03-25,48.0,34.0,80.0,37.0,15.0,41.5,27.452990122508094,19,3,29,1,28.0,25.06228820709356
K.S. Layout,2024-04-01,31.0,48.0,34.0,80.0,37.0,49.75,21.04558544366317,20,4,29,0,30.0,59.26853827253362
K.S. Layout,2024-04-08,0.0,31.0,48.0,34.0,80.0,48.25,22.425803590206687,21,4,29,1,30.0,27.80045680419275
Kamakshipalya,2024-03-18,30.0,108.0,54.0,94.0,34.0,72.5,34.3850742813389,18,3,30,0,28.0,93.26504509048567
Kamakshipalya,2024-03-25,58.0,30.0,108.0,54.0,94.0,71.5,35.90264614203054,19,3,30,1,28.0,41.2623340071537
Kamakshipalya,2024-04-01,52.0,58.0,30.0,108.0,54.0,62.5,32.75667870831627,20,4,30,0,30.0,70.99042572150839
Kamakshipalya,2024-04-08,23.0,52.0,58.0,30.0,108.0,62.0,32.94439760161345,21,4,30,1,30.0,43.58501186607498
Kengeri,2024-03-18,8.0,22.0,15.0,18.0,9.0,16.0,5.47722557503894,18,3,31,0,28.0,27.530495664379828
Kengeri,2024-03-25,42.0,8.0,22.0,15.0,18.0,15.75,5.909032633733487,19,3,31,1,28.0,0.0
Kengeri,2024-04-01,11.0,42.0,8.0,22.0,15.0,21.75,14.660036380122913,20,4,31,0,30.0,39.89577916075521
Kengeri,2024-04-08,0.0,11.0,42.0,8.0,22.0,20.75,15.392097539533959,21,4,31,1,30.0,4.994610106494065
Kodigehalli,2024-03-18,600.0,632.0,459.0,306.0,604.0,500.25,150.06304230777985,18,3,32,0,28.0,533.5234442685028
Kodigehalli,2024-03-25,379.0,600.0,632.0,459.0,306.0,499.25,149.15176834352272,19,3,32,1,28.0,506.7063695134733
Kodigehalli,2024-04-01,745.0,379.0,600.0,632.0,459.0,517.5,119.05320939255074,20,4,32,0,30.0,463.06368255985774
Kodigehalli,2024-04-08,121.0,745.0,379.0,600.0,632.0,589.0,153.1948650140289,21,4,32,1,30.0,604.3536986375243
Madiwala,2024-03-18,105.0,101.0,40.0,66.0,122.0,82.25,36.42686737377414,18,3,33,0,28.0,95.09853483211026
Madiwala,2024-03-25,71.0,105.0,101.0,40.0,66.0,78.0,30.800432897388486,19,3,33,1,28.0,71.36044152349527
Madiwala,2024-04-01,22.0,71.0,105.0,101.0,40.0,79.25,30.247589435631575,20,4,33,0,30.0,86.77185120354733
Madiwala,2024-04-08,19.0,22.0,71.0,105.0,101.0,74.75,38.300348127223735,21,4,33,1,30.0,42.29816690260395
Magadi Road,2024-03-18,537.0,283.0,275.0,282.0,186.0,256.5,47.13455915426091,18,3,34,0,28.0,266.3345889884352
Magadi Road,2024-03-25,587.0,537.0,283.0,275.0,282.0,344.25,128.54927719231455,19,3,34,1,28.0,385.8903496615295
Magadi Road,2024-04-01,349.0,587.0,537.0,283.0,275.0,420.5,164.69264302532315,20,4,34,0,30.0,479.7382150365811
Magadi Road,2024-04-08,62.0,349.0,587.0,537.0,283.0,439.0,145.99543371854656,21,4,34,1,30.0,386.02061984779994
Mahadevapura,2024-03-18,236.0,313.0,277.0,214.0,344.0,287.0,55.83905443325358,18,3,35,0,28.0,292.19917083458074
Mahadevapura,2024-03-25,317.0,236.0,313.0,277.0,214.0,260.0,43.93176527297596,19,3,35,1,28.0,228.1936616285252
Mahadevapura,2024-04-01,385.0,317.0,236.0,313.0,277.0,285.75,37.730403302021436,20,4,35,0,30.0,294.8464655217108
Mahadevapura,2024-04-08,14.0,385.0,317.0,236.0,313.0,312.75,60.90634887541026,21,4,35,1,30.0,311.81760386015213
Malleshwaram,2024-03-18,939.0,704.0,845.0,786.0,999.0,833.5,124.56457495344819,18,3,36,0,28.0,757.8513542037903
Malleshwaram,2024-03-25,1004.0,939.0,704.0,845.0,786.0,818.5,98.9764281702124,19,3,36,1,28.0,807.2866345179958
Malleshwaram,2024-04-01,1513.0,1004.0,939.0,704.0,845.0,873.0,130.20752666416743,20,4,36,0,30.0,890.4611018524818
Malleshwaram,2024-04-08,163.0,1513.0,1004.0,939.0,704.0,1040.0,340.6474228093712,21,4,36,1,30.0,1160.012125366215
Mico Layout,2024-03-18,131.0,94.0,76.0,80.0,63.0,78.25,12.7638813323635,18,3,37,0,28.0,90.88614368486446
Mico Layout,2024-03-25,149.0,131.0,94.0,76.0,80.0,95.25,25.05161338783036,19,3,37,1,28.0,90.62670194488399
Mico Layout,2024-04-01,144.0,149.0,131.0,94.0,76.0,112.5,33.41157484066441,20,4,37,0,30.0,133.79339690731095
Mico Layout,2024-04-08,2.0,144.0,149.0,131.0,94.0,129.5,24.85290056847791,21,4,37,1,30.0,118.07598157943592
No Police Station,2024-03-18,4.0,4.0,7.0,5.0,7.0,5.75,1.5000000000005838,18,3,38,0,28.0,15.441129448215491
No Police Station,2024-03-25,25.0,4.0,4.0,7.0,5.0,5.0,1.4142135623737544,19,3,38,1,28.0,0.0
No Police Station,2024-04-01,39.0,25.0,4.0,4.0,7.0,10.0,10.099504938362134,20,4,38,0,30.0,27.34139164631719
No Police Station,2024-04-08,0.0,39.0,25.0,4.0,4.0,18.0,17.146428199482244,21,4,38,1,30.0,13.871367221177081
Peenya,2024-03-18,30.0,42.0,16.0,16.0,26.0,25.0,12.274635093014611,18,3,39,0,28.0,40.66837383632674
Peenya,2024-03-25,30.0,30.0,42.0,16.0,16.0,26.0,12.543258481484479,19,3,39,1,28.0,13.815185528160072
Peenya,2024-04-01,54.0,30.0,30.0,42.0,16.0,29.5,10.630145812734577,20,4,39,0,30.0,41.305034673475376
Peenya,2024-04-08,0.0,54.0,30.0,30.0,42.0,39.0,11.489125293075926,21,4,39,1,30.0,30.94199362942689
Pulikeshinagar(F.Town),2024-03-18,150.0,166.0,251.0,159.0,143.0,179.75,48.465623555945726,18,3,40,0,28.0,180.1994309011302
Pulikeshinagar(F.Town),2024-03-25,111.0,150.0,166.0,251.0,159.0,181.5,46.79387424296733,19,3,40,1,28.0,151.13248747622146
Pulikeshinagar(F.Town),2024-04-01,153.0,111.0,150.0,166.0,251.0,169.5,59.03953477684799,20,4,40,0,30.0,154.16003387153762
Pulikeshinagar(F.Town),2024-04-08,5.0,153.0,111.0,150.0,166.0,145.0,23.70653918225897,21,4,40,1,30.0,129.0327093519444
R.T. Nagar,2024-03-18,40.0,26.0,36.0,47.0,65.0,43.5,16.703293088490053,18,3,41,0,28.0,46.4306928209777
R.T. Nagar,2024-03-25,45.0,40.0,26.0,36.0,47.0,37.25,8.770214744615274,19,3,41,1,28.0,23.35194502391488
R.T. Nagar,2024-04-01,49.0,45.0,40.0,26.0,36.0,36.75,8.057087976847914,20,4,41,0,30.0,50.5014337501386
R.T. Nagar,2024-04-08,1.0,49.0,45.0,40.0,26.0,40.0,10.033277962194944,21,4,41,1,30.0,30.46704101549213
Rajajinagar,2024-03-18,363.0,275.0,351.0,349.0,357.0,333.0,38.81580434135845,18,3,42,0,28.0,307.93490371102973
Rajajinagar,2024-03-25,456.0,363.0,275.0,351.0,349.0,334.5,40.14556845613998,19,3,42,1,28.0,314.7029037386843
Rajajinagar,2024-04-01,604.0,456.0,363.0,275.0,351.0,361.25,74.21758551718015,20,4,42,0,30.0,390.81163271271544
Rajajinagar,2024-04-08,237.0,604.0,456.0,363.0,275.0,424.5,140.64731304460318,21,4,42,1,30.0,463.0956677501399
Sadashivanagar,2024-03-18,83.0,31.0,38.0,26.0,67.0,40.5,18.33939293797058,18,3,43,0,28.0,46.47970963790445
Sadashivanagar,2024-03-25,185.0,83.0,31.0,38.0,26.0,44.5,26.134268690743035,19,3,43,1,28.0,44.222384318309054
Sadashivanagar,2024-04-01,153.0,185.0,83.0,31.0,38.0,84.25,71.0088022712674,20,4,43,0,30.0,131.74521414172668
Sadashivanagar,2024-04-08,6.0,153.0,185.0,83.0,31.0,113.0,69.30127463955202,21,4,43,1,30.0,115.74746887157556
Sheshadripuram,2024-03-18,130.0,167.0,165.0,125.0,119.0,144.0,25.534290669606385,18,3,44,0,28.0,157.28514831162892
Sheshadripuram,2024-03-25,137.0,130.0,167.0,165.0,125.0,146.75,22.336442569635263,19,3,44,1,28.0,122.34577408863015
Sheshadripuram,2024-04-01,91.0,137.0,130.0,167.0,165.0,149.75,18.997806890970715,20,4,44,0,30.0,150.65221268566012
Sheshadripuram,2024-04-08,6.0,91.0,137.0,130.0,167.0,131.25,31.266329067117567,21,4,44,1,30.0,100.36542864502108
Shivajinagar,2024-03-18,671.0,707.0,1320.0,1105.0,742.0,968.5,295.44824701911284,18,3,45,0,28.0,863.6041764097255
Shivajinagar,2024-03-25,1951.0,671.0,707.0,1320.0,1105.0,950.75,315.0728751680581,19,3,45,1,28.0,805.2627281384491
Shivajinagar,2024-04-01,1179.0,1951.0,671.0,707.0,1320.0,1162.25,604.3152460981493,20,4,45,0,30.0,1407.698773360841
Shivajinagar,2024-04-08,250.0,1179.0,1951.0,671.0,707.0,1127.0,596.1028993946152,21,4,45,1,30.0,1122.3788656248146
Thalagattapura,2024-03-18,25.0,35.0,24.0,24.0,20.0,25.75,6.448514040721042,18,3,46,0,28.0,39.27995980105126
Thalagattapura,2024-03-25,52.0,25.0,35.0,24.0,24.0,27.0,5.354126134740352,19,3,46,1,28.0,12.745254643036276
Thalagattapura,2024-04-01,63.0,52.0,25.0,35.0,24.0,34.0,12.987173159187073,20,4,46,0,30.0,52.13601572274695
Thalagattapura,2024-04-08,15.0,63.0,52.0,25.0,35.0,43.75,16.997548842898155,21,4,46,1,30.0,38.24164973016252
Upparpet,2024-03-18,1089.0,1067.0,1431.0,1319.0,1144.0,1240.25,165.19357332132066,18,3,47,0,28.0,1138.7030488716105
Upparpet,2024-03-25,1321.0,1089.0,1067.0,1431.0,1319.0,1226.5,177.69168054057346,19,3,47,1,28.0,1108.1178516810633
Upparpet,2024-04-01,1960.0,1321.0,1089.0,1067.0,1431.0,1227.0,178.04119373523235,20,4,47,0,30.0,1209.5692035793343
Upparpet,2024-04-08,269.0,1960.0,1321.0,1089.0,1067.0,1359.25,416.6568332172971,21,4,47,1,30.0,1509.4546599484916
V.V.Puram (C.Pet),2024-03-18,33.0,128.0,138.0,330.0,85.0,170.25,108.95373635936717,18,3,48,0,28.0,166.65364765890652
V.V.Puram (C.Pet),2024-03-25,101.0,33.0,128.0,138.0,330.0,157.25,124.50803186943332,19,3,48,1,28.0,97.13133528626938
V.V.Puram (C.Pet),2024-04-01,61.0,101.0,33.0,128.0,138.0,100.0,47.321594788565235,20,4,48,0,30.0,109.49732108509774
V.V.Puram (C.Pet),2024-04-08,0.0,61.0,101.0,33.0,128.0,80.75,42.08226071240115,21,4,48,1,30.0,60.34009417845644
Vijayanagara,2024-03-18,410.0,653.0,469.0,524.0,704.0,587.5,109.44861808172713,18,3,49,0,28.0,592.1067734917541
Vijayanagara,2024-03-25,323.0,410.0,653.0,469.0,524.0,514.0,103.70149468546616,19,3,49,1,28.0,445.1616997136507
Vijayanagara,2024-04-01,378.0,323.0,410.0,653.0,469.0,463.75,139.6934143043249,20,4,49,0,30.0,411.9915135546463
Vijayanagara,2024-04-08,33.0,378.0,323.0,410.0,653.0,441.0,145.8286665919968,21,4,49,1,30.0,387.67187376316923
Whitefield,2024-03-18,83.0,86.0,199.0,251.0,75.0,152.75,86.2027648435155,18,3,50,0,28.0,140.8618508885288
Whitefield,2024-03-25,101.0,83.0,86.0,199.0,251.0,154.75,83.8585117921834,19,3,50,1,28.0,112.05970111956475
Whitefield,2024-04-01,68.0,101.0,83.0,86.0,199.0,117.25,55.06586964717586,20,4,50,0,30.0,119.66304270437783
Whitefield,2024-04-08,7.0,68.0,101.0,83.0,86.0,84.5,13.527749258459943,21,4,50,1,30.0,64.63560927880869
Wilson Garden,2024-03-18,112.0,109.0,127.0,121.0,98.0,113.75,12.893796958218447,18,3,51,0,28.0,118.936419737316
Wilson Garden,2024-03-25,414.0,112.0,109.0,127.0,121.0,117.25,8.261355820914826,19,3,51,1,28.0,97.36805414256773
Wilson Garden,2024-04-01,252.0,414.0,112.0,109.0,127.0,190.5,149.2079086375778,20,4,51,0,30.0,279.14493552525767
Wilson Garden,2024-04-08,65.0,252.0,414.0,112.0,109.0,221.75,144.49077248507288,21,4,51,1,30.0,221.87172229287594
Yelahanka,2024-03-18,90.0,64.0,100.0,145.0,48.0,89.25,43.061003239587485,18,3,52,0,28.0,91.36666892975288
Yelahanka,2024-03-25,41.0,90.0,64.0,100.0,145.0,99.75,33.767588009802594,19,3,52,1,28.0,79.70474015161099
Yelahanka,2024-04-01,74.0,41.0,90.0,64.0,100.0,73.75,26.587904518153188,20,4,52,0,30.0,73.13105150944725
Yelahanka,2024-04-08,3.0,74.0,41.0,90.0,64.0,67.25,20.516253719098685,21,4,52,1,30.0,56.696588248789396
Yeshwanthpura,2024-03-18,163.0,77.0,138.0,103.0,74.0,98.0,29.676028485402668,18,3,53,0,28.0,100.07919489634054
Yeshwanthpura,2024-03-25,98.0,163.0,77.0,138.0,103.0,120.25,37.90668366748048,19,3,53,1,28.0,118.74023767361234
Yeshwanthpura,2024-04-01,44.0,98.0,163.0,77.0,138.0,119.0,38.738439135649635,20,4,53,0,30.0,121.02528104473095
Yeshwanthpura,2024-04-08,20.0,44.0,98.0,163.0,77.0,95.5,50.189640365316066,21,4,53,1,30.0,66.10530104348584
