rank,junction_clean,volume,impact,active_days,active_cells,high_sev_events,junction_events,top_violation,top_vehicle,peak_dow,peak_hour,intensity,c_volume,c_impact,c_recur,c_intensity,priority_score,impact_share,cum_impact_share,volume_share,cum_volume_share
1,BTP051 - Safina Plaza Junction,11792,36252.0,151,16,412,11792,WRONG PARKING,SCOOTER,Sunday,10,737.0,1.0,1.0,1.0,0.474193132493876,92.11289698740812,0.0943926073184735,0.0943926073184735,0.0957648109798189,0.0957648109798189
2,BTP040 - Elite Junction,9316,28212.0,151,6,90,9316,NO PARKING,SCOOTER,Saturday,9,1552.6666666666667,0.7899558873430608,0.7781456953642384,1.0,1.0,85.93377595804016,0.07345813300421423,0.16785074032268774,0.07565679944776059,0.17142161042757947
3,BTP082 - KR Market Junction,9536,29391.0,151,10,281,9536,WRONG PARKING,SCOOTER,Sunday,0,953.6,0.8086189345096708,0.8106788079470199,1.0,0.6138209635136878,81.83964076614113,0.07652800181223808,0.24437874213492583,0.07744345636902586,0.24886506679660533
4,BTP044 - Sagar Theatre Junction,8808,27123.0,151,10,234,8808,NO PARKING,SCOOTER,Sunday,9,880.8,0.7468612147947065,0.7480960264900662,1.0,0.5668915724784047,77.09257095816959,0.0706226053265739,0.3150013474614997,0.07153124619320259,0.3203963129898079
5,BTP058 - Subbanna Junction,4463,13485.0,149,12,34,4463,NO PARKING,CAR,Sunday,1,371.9166666666667,0.37826603325415675,0.37177152317880796,0.9864864864864865,0.2388478232841979,47.67243138787568,0.03511211270246097,0.35011346016396067,0.03624477199821334,0.3566410849880213
6,BTP211 - Central Street Junction,4133,12969.0,149,14,208,4133,WRONG PARKING,PASSENGER AUTO,Sunday,10,295.2142857142857,0.3502714625042416,0.3575331125827815,0.9864864864864865,0.18940282288513843,45.59257488853141,0.03376855688826225,0.3838820170522229,0.03356478661631543,0.39020587160433673
7,BTP027 - Modi Bridge Junction,3511,10788.0,147,7,88,3511,WRONG PARKING,SCOOTER,Tuesday,8,501.57142857142856,0.2975059382422803,0.29735099337748344,0.972972972972973,0.3224277548915479,43.62833869831301,0.02808969016196878,0.4119717072141917,0.02851342022982905,0.4187192918341658
8,BTP057 - Anand Rao Junction,3300,10258.5,147,10,122,3300,WRONG PARKING,CAR,Sunday,9,330.0,0.2796063793688497,0.28274006622516556,0.972972972972973,0.21182689415101638,40.92095657067099,0.026710983178212525,0.4386826903924042,0.026799853818979168,0.44551914565314493
9,"BTP080 - NR Road, SP Road Junction",2976,9229.5,140,7,106,2976,WRONG PARKING,SCOOTER,Tuesday,10,425.14285714285717,0.25212080081438754,0.2543460264900662,0.9256756756756757,0.27315926155584075,39.07663738843507,0.02403168292082785,0.46271437331323206,0.02416859544402485,0.46968774109716976
10,BTP045 - Danvanthri Road Junction,2582,8004.0,147,6,89,2582,WRONG PARKING,CAR,Monday,10,430.3333333333333,0.2186969799796403,0.2205298013245033,0.972972972972973,0.27650522153938717,37.886490228297085,0.020840737862105867,0.48355511117533795,0.020968855321395218,0.49065659641856496
11,BTP020 - Hosahalli Metro Station,3106,9430.5,118,9,46,3106,WRONG PARKING,SCOOTER,Tuesday,4,345.1111111111111,0.2631489650492026,0.2598923841059603,0.777027027027027,0.2215680375893535,35.85476349956553,0.02455504477868433,0.5081101559540223,0.025224347261136152,0.5158809436797012
12,"BTP083 - AS Char Street, Mysore Road",2286,8113.5,138,8,429,2286,WRONG PARKING,PASSENGER AUTO,Sunday,0,285.75,0.19358669833729217,0.22355132450331125,0.9121621621621622,0.18330181786926814,34.62466781901693,0.02112585290407246,0.5292360088580947,0.018564989645511024,0.5344459333252122
13,"BTP001 - 10th Cross, Dr. Rajkumar Road",2442,7338.0,140,9,5,2442,WRONG PARKING,CAR,Sunday,10,271.3333333333333,0.20682049541907024,0.2021523178807947,0.9256756756756757,0.17400833727276635,34.40358456100493,0.01910661349726797,0.5483426223553627,0.019831891826044584,0.5542778251512568
14,BTP108 - Tagore Park Junction,1524,4771.5,138,8,67,1524,WRONG PARKING,SCOOTER,Sunday,11,190.5,0.12894468951476076,0.13133278145695365,0.9121621621621622,0.12190038248313206,28.536737016926427,0.012423985595831853,0.5607666079511945,0.012376659763674016,0.5666544849149308
15,BTP023 - Mahalaxmi Layout Entrance,1545,4702.5,138,9,29,1545,WRONG PARKING,SCOOTER,Saturday,10,171.66666666666666,0.13072616219884628,0.12942880794701986,0.9121621621621622,0.10975976621255747,28.341432880542694,0.012244324062537837,0.5730109320137323,0.01254720428797661,0.5792016892029074
16,BTP043 - Upparpet Junction,1433,4350.0,139,8,17,1433,WRONG PARKING,SCOOTER,Tuesday,5,179.125,0.12122497455039023,0.11970198675496689,0.918918918918919,0.1145676651338691,27.92321212832196,0.011326487968535798,0.5843374199822681,0.011637633491696105,0.5908393226946035
17,BTP032 - Windsor Circle,2241,6862.5,102,11,59,2241,WRONG PARKING,SCOOTER,Wednesday,3,203.72727272727272,0.18976925687139465,0.18903145695364237,0.668918918918919,0.13042713872143585,27.643964158719243,0.017868511191741817,0.6022059311740099,0.018199537093434037,0.6090388597880375
18,BTP038 - Mysore Bank Junction,1630,5020.5,131,12,46,1630,WRONG PARKING,CAR,Wednesday,9,135.83333333333334,0.13793688496776382,0.13820364238410596,0.8648648648648649,0.08666036357385362,27.572436783381722,0.013072329389892867,0.6152782605639028,0.013237503553010923,0.6222763633410484
19,BTP042 - Minsk Square Junction (CTO),1772,5338.5,108,8,9,1772,WRONG PARKING,SCOOTER,Thursday,4,221.5,0.1499830335934849,0.14697847682119206,0.7094594594594594,0.14188405174266192,25.961187661875385,0.013900334717247899,0.6291785952811507,0.014390709384009421,0.6366670727250578
20,"BTP070 - Cholurpalya Junction, Magadi Road",1630,4965.0,113,8,31,1630,NO PARKING,SCOOTER,Monday,11,203.75,0.13793688496776382,0.13667218543046358,0.7432432432432432,0.13044178950535046,25.74312474654426,0.012927819026156376,0.6421064143073071,0.013237503553010923,0.6499045762780687
21,"BTP016 - 5th Main Road, RPC Layout",1862,5701.5,100,9,39,1862,WRONG PARKING,SCOOTER,Saturday,11,206.88888888888889,0.15761791652527996,0.15699503311258278,0.6554054054054054,0.13246522555044624,25.318450146063597,0.014845510609794678,0.6569519249171017,0.015121614488163397,0.6650261907662322
22,"BTP182 - 19th Main Junction, Rajajinagar",1162,3517.5,120,7,11,1162,WRONG PARKING,CAR,Sunday,8,166.0,0.0982354937224296,0.09673013245033113,0.7905405405405406,0.10610683742318106,23.735032819593005,0.009158832512488429,0.6661107574295901,0.009436797011410241,0.6744629877776424
23,BTP048 - Shanthala Junction,1253,4419.0,113,9,225,1253,NO PARKING,PASSENGER AUTO,Saturday,2,139.22222222222223,0.10595520868680014,0.12160596026490066,0.7432432432432432,0.08884495824201011,23.632404108370544,0.011506149501829814,0.67761690693142,0.010175823283388152,0.6846388110610305
24,BTP104 - Medical College Circle,1174,3640.5,113,5,40,1174,WRONG PARKING,SCOOTER,Wednesday,11,234.8,0.0992534781133356,0.10012417218543046,0.7432432432432432,0.15045769048949245,23.603680592097383,0.009479098724012544,0.6870960056554325,0.009534251025297438,0.694173062086328
25,"BTP022 - Marenahalli Junction, Vijayanagar",930,2871.0,120,7,30,930,WRONG PARKING,SCOOTER,Thursday,10,132.85714285714286,0.07855446216491348,0.07889072847682119,0.7905405405405406,0.08474180853741643,22.199747300508207,0.007475482059233626,0.6945714877146661,0.007552686076257766,0.7017257481625858
26,BTP061 - Bhashyam Circle,847,2551.5,117,4,4,847,NO PARKING,SCOOTER,Friday,9,211.75,0.07151340346114693,0.07007450331125828,0.7702702702702703,0.13559886544329364,22.03739810678326,0.006643571046372204,0.7012150587610384,0.0068786291468713205,0.7086043773094571
27,BTP010 - Rajajinagar Entrance,797,2479.5,123,9,31,797,NO PARKING,SCOOTER,Saturday,11,88.55555555555556,0.0672718018323719,0.06808774834437085,0.8108108108108109,0.05618347730170326,21.460193622765903,0.006456098142065405,0.7076711569031038,0.006472570755674666,0.7150769480651318
28,BTP063 - Siddalingaiah Circle,922,2907.0,116,9,47,922,NO PARKING,CAR,Thursday,9,102.44444444444444,0.07787580590430947,0.0798841059602649,0.7635135135135135,0.06513673413841019,21.37953916808498,0.007569218511387026,0.7152403754144908,0.0074877167336663015,0.7225646647987981
29,BTP008 - Navarang Theatre,1011,3040.5,110,7,4,1011,WRONG PARKING,SCOOTER,Sunday,8,144.42857142857142,0.08542585680352902,0.08356788079470198,0.722972972972973,0.09220115051908424,21.330128249166165,0.007916824521455883,0.7231571999359467,0.008210500669996346,0.7307751654687944
30,BTP192 - Urvashi Theater,578,1740.0,130,6,2,578,NO PARKING,CAR,Saturday,3,96.33333333333333,0.048693586698337295,0.04768211920529802,0.8581081081081081,0.06119730113025914,21.209803452251602,0.004530595187414319,0.727687795123361,0.004694035002233321,0.7354692004710277
31,BTP205 - Modi Hospital Junction,856,2740.5,112,5,58,856,WRONG PARKING,CAR,Thursday,10,171.2,0.07227689175432643,0.07528973509933774,0.7364864864864865,0.10945893678284412,21.175061262579007,0.007135687420177552,0.7348234825435386,0.0069517196572867175,0.7424209201283144
32,BTP135 - UCO Bank Junction,976,3168.0,103,6,83,976,NO PARKING,SCOOTER,Sunday,12,162.66666666666666,0.08245673566338649,0.0870860927152318,0.6756756756756757,0.10395805578237138,20.59459966518379,0.008248807789499175,0.7430722903330378,0.007926259796158687,0.7503471799244731
33,BTP074 - Leprosy Hospital Junction,824,2620.5,116,11,52,824,WRONG PARKING,SCOOTER,Saturday,11,74.9090909090909,0.06956226671191042,0.07197847682119206,0.7635135135135135,0.04738649549341886,20.587182392770586,0.00682323257966622,0.749895522912704,0.006691842286920859,0.757039022211394
34,"BTP026 - 1st Block Junction, Rajajinagar",968,2907.0,100,5,1,968,WRONG PARKING,CAR,Thursday,7,193.6,0.08177807940278249,0.0798841059602649,0.6554054054054054,0.12389874940908505,20.21587543993713,0.007569218511387026,0.757464741424091,0.007861290453567224,0.7649003126649612
35,BTP054 - Shivananda Circle,655,2044.5,121,12,27,655,NO PARKING,CAR,Wednesday,7,54.583333333333336,0.05522565320665083,0.05608443708609272,0.7972972972972973,0.03428381107911814,20.079928006345487,0.0053234493452118245,0.7627881907693028,0.005319364924676168,0.7702196775896374
36,"BTP011 - RR Kalyana Mantapa, Dr. Rajkumar Road",972,3033.0,102,9,42,972,WRONG PARKING,CAR,Thursday,3,108.0,0.0821174075330845,0.08336092715231788,0.668918918918919,0.06871803687309296,19.790303607798435,0.007897296093923926,0.7706854868632268,0.007893775124862955,0.7781134527145004
37,BTP096 - Gali Anjaneya Temple,760,2760.0,103,9,165,760,NO PARKING,SCOOTER,Sunday,1,84.44444444444444,0.06413301662707839,0.07582781456953643,0.6756756756756757,0.053533313278038015,18.89447722143021,0.007186461331760644,0.7778719481949874,0.006172087546189142,0.7842855402606895
38,BTP071 - Prasanna Junction,568,1719.0,113,7,6,568,NO PARKING,SCOOTER,Monday,11,81.14285714285714,0.04784526637258229,0.04710264900662252,0.7432432432432432,0.05140499622428368,18.71989051463838,0.0044759155903248355,0.7823478637853122,0.004612823323993991,0.7888983635846836
39,"BTP148 - 17th Main, Doopanahalli Bus Stop",608,2167.5,104,9,117,608,NO PARKING,CAR,Sunday,8,67.55555555555556,0.051238547675602306,0.059478476821192054,0.6824324324324325,0.042646152964602405,17.907244062127475,0.005643715556735941,0.7879915793420481,0.0049376700369513134,0.7938360336216349
40,BTP069 - MC Circle,759,2397.0,89,6,42,759,WRONG PARKING,SCOOTER,Wednesday,10,126.5,0.06404818459450289,0.0658112582781457,0.581081081081081,0.08064377497958657,17.056117823885604,0.006241285439213863,0.794232864781262,0.006163966378365209,0.8000000000000002
41,BTP028 - Vijayanagar Bus Stand Junction,601,1846.5,97,6,15,601,WRONG PARKING,CAR,Thursday,10,100.16666666666667,0.05064472344757381,0.05062086092715232,0.6351351351351351,0.06366840001719025,16.948800538838103,0.004807898858368126,0.7990407636396301,0.004880821862183782,0.8048808218621839
42,"BTP095 - Satellite Bus Stand, Mysore Road",501,1623.0,97,4,42,501,WRONG PARKING,SCOOTER,Saturday,1,125.25,0.042161520190023755,0.04445364238410596,0.6351351351351351,0.07983798186428295,16.720995519811368,0.00422595171791577,0.8032667153575458,0.004068705079790474,0.8089495269419744
43,BTP208 - Havanur Circle,699,2257.5,89,6,54,699,WRONG PARKING,CAR,Wednesday,10,116.5,0.05895826263997286,0.061961920529801325,0.581081081081081,0.07419743005715759,16.671998170221215,0.00587805668711944,0.8091447720446653,0.005676696308929224,0.8146262232509036
44,BTP118 - Basappa Circle,540,1680.0,95,5,20,540,WRONG PARKING,SCOOTER,Wednesday,4,108.0,0.045469969460468274,0.04602649006622517,0.6216216216216216,0.06871803687309296,16.438229221660755,0.004374367767158653,0.8135191398118239,0.0043854306249238644,0.8190116538758275
45,"BTP123 - 10th Cross, Wilson Garden",480,1443.0,102,11,1,480,NO PARKING,SCOOTER,Sunday,8,43.63636363636363,0.040380047505938245,0.039486754966887416,0.668918918918919,0.027227016826913683,16.38022147980129,0.0037572694571487717,0.8172764092689727,0.003898160555487879,0.8229098144313154
46,"BTP062 - Basava Mantapa, Dr. Rajkumar Road",375,1221.0,104,9,33,375,NO PARKING,CAR,Thursday,10,41.666666666666664,0.03147268408551069,0.03336092715231788,0.6824324324324325,0.025957282220980704,16.149820854859804,0.0031792280022028066,0.8204556372711755,0.0030454379339749055,0.8259552523652903
47,"BTP210 - 50th cross, 12th Main , Rajajinagar",389,1168.5,101,5,1,389,WRONG PARKING,CAR,Sunday,4,77.8,0.032660332541567694,0.03191225165562914,0.6621621621621622,0.04925007520735742,16.078733155547656,0.003042529009479099,0.8234981662806546,0.0031591342835099686,0.8291143866488003
48,BTP137 - Madiwala Traffic PS Junction,470,1515.0,98,8,35,470,NO PARKING,CAR,Tuesday,1,58.75,0.03953172718018324,0.041473509933774834,0.6418918918918919,0.036969788130130216,16.02990932287741,0.0039447423614555705,0.8274429086421102,0.0038169488772485482,0.8329313355260489
49,"BTP170 - Dr. Bheem Rao Palace, Chord Road",487,1693.5,86,5,79,487,WRONG PARKING,CAR,Tuesday,2,97.4,0.040973871733966744,0.04639900662251656,0.5608108108108109,0.06188491125531823,14.997671268853075,0.004409518936716178,0.8318524275788264,0.003955008730255411,0.8368863442563044
50,"BTP206 - Shankara Mutt Circle, Vijayanagar",597,1833.0,83,7,14,597,WRONG PARKING,CAR,Tuesday,5,85.28571428571429,0.0503053953172718,0.050248344370860926,0.5405405405405406,0.05407562483500427,14.88979909583416,0.004772747688810601,0.836625175267637,0.00484833719088805,0.8417346814471924
51,BTP215 - Vanivillas Junction,364,1129.5,95,12,13,364,NO PARKING,CAR,Sunday,11,30.333333333333332,0.030539531727180182,0.03083609271523179,0.6216216216216216,0.018651424642227857,14.70765299891437,0.0029409811863129157,0.8395661564539499,0.0029561050879116416,0.8446907865351041
52,"BTP226 - 33rd Cross, 11th Main, Jayanagar",374,1402.5,87,7,96,374,NO PARKING,CAR,Sunday,8,53.42857142857143,0.03138785205293519,0.03836920529801324,0.5675675675675675,0.03353941172498051,14.139000274244578,0.003651815948476197,0.8432179724024261,0.0030373167661509725,0.847728103301255
53,"BTP024 - NPS, Vijayanagar",565,1747.5,77,6,18,565,WRONG PARKING,CAR,Saturday,4,94.16666666666667,0.04759077027485579,0.04788907284768212,0.5,0.059800593063732865,14.00084955387054,0.004550123614946278,0.8477680960173724,0.0045884598205221915,0.8523165631217772
54,"BTP204 - ESI Hospital, Rajajinagar",504,1516.5,79,8,2,504,WRONG PARKING,CAR,Thursday,3,63.0,0.042416016287750255,0.04151490066225166,0.5135135135135135,0.039709484722162534,13.591414552914024,0.003948648046961963,0.8517167440643343,0.004093068583262273,0.8564096317050395
55,BTP220 - Puttanna Junction,256,777.0,87,3,3,256,NO PARKING,CAR,Sunday,7,85.33333333333333,0.021377672209026127,0.021109271523178808,0.5675675675675675,0.054106321715587255,13.543100846667203,0.002023145092310877,0.8537398891566451,0.002079018962926869,0.8584886506679663
56,"BTP115 - Sahasra Hospital, Jayanagar",286,874.5,88,6,6,286,NO PARKING,SCOOTER,Saturday,3,47.666666666666664,0.023922633186291144,0.023799668874172186,0.5743243243243243,0.029825089174438095,13.484530230287817,0.0022770146502263345,0.8560169038068715,0.0023226539976448613,0.8608113046656112
57,BTP067 - Jai Muni Rao Circle,338,1050.0,84,5,12,338,WRONG PARKING,CAR,Sunday,10,67.6,0.02833389888021717,0.028642384105960265,0.5472972972972973,0.04267480338647986,13.438568406858268,0.002733979854474158,0.8587508836613457,0.0027449547244893817,0.8635562593901006
58,BTP140 - Madiwala Check Post,293,1120.5,86,7,81,293,NO PARKING,CAR,Saturday,11,41.857142857142854,0.024516457414319646,0.03058774834437086,0.5608108108108109,0.026080069743312683,13.413482176848476,0.0029175470732745656,0.8616684307346202,0.002379502172412393,0.865935761562513
59,BTP136 - Hosur-Tavarkere Road Junction,316,1293.0,85,10,115,316,NO PARKING,CAR,Friday,2,31.6,0.02646759416355616,0.0353476821192053,0.5540540540540541,0.01946796166573553,13.404297205145987,0.003366700906509606,0.8650351316411298,0.002566289032362854,0.8685020505948758
60,"BTP189 - New Diagonal Road, Jayanagar",518,1560.0,74,5,2,518,NO PARKING,SCOOTER,Wednesday,9,103.6,0.04360366474380726,0.04271523178807947,0.4797297297297297,0.06588164510722419,13.385962326099957,0.0040619129266473205,0.8690970445677771,0.004206764932797336,0.8727088155276732
61,BTP126 - Dairy Circle,253,1083.0,88,10,108,253,PARKING IN A MAIN ROAD,CAR,Saturday,7,25.3,0.021123176111299626,0.02955298013245033,0.5743243243243243,0.015406764364605271,13.385637539930318,0.0028199049356147743,0.8719169495033919,0.0020546554594550698,0.8747634709871283
62,BTP219 - Canara Bank Junction,315,960.0,82,4,5,315,NO PARKING,CAR,Sunday,10,78.75,0.026382762130980657,0.026158940397350994,0.5337837837837838,0.049862477974988176,13.130658623137204,0.0024996387240906587,0.8744165882274826,0.0025581678645389206,0.8773216388516671
63,BTP068 - Veeresh Theatre Junction,448,1351.5,72,7,3,448,NO PARKING,SCOOTER,Sunday,11,64.0,0.037665422463522225,0.03696192052980132,0.46621621621621623,0.04035411921440543,12.35326600498912,0.0035190226412588808,0.8779356108687415,0.0036382831851220205,0.8809599220367892
64,BTP018 - Dhobi Ghat Junction,312,1060.5,78,7,42,312,WRONG PARKING,CAR,Saturday,10,44.57142857142857,0.026128266033254157,0.028932119205298014,0.5067567567567568,0.02782979193654341,12.349054167366344,0.0027613196530188997,0.8806969305217603,0.0025338043610671213,0.8834937263978563
65,BTP172 - Nanjappa Circle,693,2082.0,58,8,1,693,NO PARKING,SCOOTER,Wednesday,4,86.625,0.05844927044451985,0.057119205298013245,0.3716216216216216,0.054938974601401,12.009167350219506,0.005421091482871616,0.886118022004632,0.005627969301985626,0.8891216956998419
66,BTP076 - Hudson Circle,389,1195.5,69,4,10,389,NO PARKING,SCOOTER,Thursday,4,97.25,0.032660332541567694,0.03265728476821192,0.44594594594594594,0.061788216081481794,11.968557103275595,0.0031128313485941487,0.8892308533532262,0.0031591342835099686,0.8922808299833519
67,BTP180 - Swagath Poornima Theatre,232,711.0,76,5,6,232,NO PARKING,CAR,Saturday,2,46.4,0.019341703427214117,0.019288079470198675,0.49324324324324326,0.029008552150930424,11.555327031402198,0.001851294930029644,0.8910821482832558,0.001884110935152475,0.8941649409185044
68,BTP130 - GD Mara Junction,572,1771.5,58,6,19,572,NO PARKING,SCOOTER,Thursday,11,95.33333333333333,0.04818459450288429,0.04855132450331126,0.3716216216216216,0.06055266663801624,11.485556624705099,0.004612614583048544,0.8956947628663043,0.004645307995289723,0.8988102489137941
69,BTP091 - Sirsi Circle,233,891.0,72,9,64,233,NO PARKING,CAR,Sunday,3,25.88888888888889,0.019426535459789618,0.02425496688741722,0.46621621621621623,0.015786382454481645,10.992839965994841,0.002319977190796643,0.898014740057101,0.001892232102976408,0.9007024810167705
70,BTP225 - Geetha Junction,253,781.5,68,4,8,253,NO PARKING,SCOOTER,Sunday,9,63.25,0.021123176111299626,0.021233443708609273,0.4391891891891892,0.03987064334522326,10.758709247102447,0.0020348621488300517,0.9000496022059311,0.0020546554594550698,0.9027571364762256
71,"BTP099 - Cash Pharmacy, Residency Road",308,1044.0,65,9,42,308,NO PARKING,CAR,Friday,5,34.22222222222222,0.025788937902952155,0.02847682119205298,0.4189189189189189,0.021158336556505796,10.466110305536386,0.0027183571124485915,0.9027679593183797,0.002501319689771389,0.905258456165997
72,"BTP117 - 9th Cross, Kanakapura Road",238,738.0,68,6,8,238,WRONG PARKING,SCOOTER,Saturday,3,39.666666666666664,0.01985069562266712,0.020033112582781457,0.4391891891891892,0.024668013236494906,10.45048379140857,0.0019215972691446939,0.9046895565875244,0.0019328379420960734,0.9071912941080931
73,BTP167 - JC Road Junction,321,1011.0,63,7,17,321,WRONG PARKING,SCOOTER,Friday,8,45.857142857142854,0.02689175432643366,0.027566225165562914,0.40540540540540543,0.028658607712284276,10.309557734380084,0.002632432031307975,0.9073219886188324,0.002606894871482519,0.9097981889795755
74,BTP218 - Syndicate Bank Junction,304,922.5,62,8,4,304,WRONG PARKING,SCOOTER,Sunday,6,38.0,0.025449609772650154,0.025124172185430463,0.39864864864864863,0.023593622416090077,9.969711628883896,0.0024019965864308674,0.9097239852052633,0.0024688350184756567,0.9122670239980512
75,"BTP102 - BMTC Junction, KH Road",140,420.0,68,8,0,140,NO PARKING,CAR,Thursday,10,17.5,0.01153715643026807,0.011258278145695364,0.4391891891891892,0.010378615325110663,9.679617441667823,0.0010935919417896633,0.910817577147053,0.0011369634953506313,0.9134039874934018
76,"BTP186 - 9th Cross, 4th Main, Jayanagar",532,1596.0,46,6,0,532,WRONG PARKING,SCOOTER,Monday,3,88.66666666666667,0.04479131319986427,0.04370860927152318,0.2905405405405405,0.05625510335639692,9.528178081656003,0.00415564937880072,0.9149732265258538,0.004320461282332399,0.9177244487757342
77,"BTP177 - Aurobindo Circle, ORR",166,546.0,62,6,16,166,WRONG PARKING,CAR,Friday,11,27.666666666666668,0.013742789277231082,0.014735099337748345,0.39864864864864863,0.01693239932958013,9.1549711180548,0.0014216695243265622,0.9163948960501803,0.0013481138587728915,0.9190725626345071
78,BTP037 - KR Circle,191,615.0,60,9,14,191,NO PARKING,CAR,Tuesday,4,21.22222222222222,0.015863590091618595,0.01663907284768212,0.38513513513513514,0.012778088157348117,8.952649277480356,0.0016013310576205783,0.9179962271078009,0.0015511430543712185,0.9206237056888783
79,"BTP197 - 9th Cross, 24th Main, JP Nagar",202,670.5,59,8,22,202,WRONG PARKING,CAR,Friday,10,25.25,0.016796742449949102,0.018170529801324505,0.3783783783783784,0.015374532639993124,8.938056373712296,0.0017458414213570694,0.919742068529158,0.0016404759004344826,0.9222641815893128
80,BTP103 - Shanti Nagar TTMC,120,363.0,62,6,1,120,NO PARKING,CAR,Thursday,10,20.0,0.009840515778758059,0.009685430463576158,0.39864864864864863,0.011990201555717908,8.78703153589665,0.0009451758925467803,0.9206872444217048,0.0009745401388719698,0.9232387217281848
81,BTP034 - LRDE Junction,183,558.0,58,6,3,183,WRONG PARKING,CAR,Wednesday,5,30.5,0.015184933831014592,0.015066225165562913,0.3716216216216216,0.01875886372426834,8.696681284021597,0.0014529150083776954,0.9221401594300825,0.001486173711779754,0.9247248954399645
82,BTP085 - Briyand Circle,139,465.0,60,7,17,139,WRONG PARKING,SCOOTER,Saturday,2,19.857142857142858,0.011452324397692568,0.0125,0.38513513513513514,0.011898110913968923,8.662244098343013,0.0012107625069814128,0.9233509219370639,0.0011288423275266984,0.9258537377674912
83,BTP078 - NR Square Junction,204,619.5,53,3,3,204,WRONG PARKING,SCOOTER,Tuesday,8,68.0,0.0169664065151001,0.01676324503311258,0.33783783783783783,0.04293265718337702,8.496452386119357,0.0016130481141397532,0.9249639700512037,0.0016567182360823487,0.9275104560035736
84,"BTP163 - 16th Main Road, BTM Layout",305,916.5,51,10,1,305,NO PARKING,SCOOTER,Saturday,12,30.5,0.02553444180522565,0.02495860927152318,0.32432432432432434,0.01875886372426834,8.407454021010592,0.0023863738444053007,0.927350343895609,0.0024769561862995897,0.9299874121898732
85,BTP109 - Dewan Madhava Rao Junction,259,780.0,52,7,1,259,NO PARKING,SCOOTER,Thursday,4,37.0,0.02163216830675263,0.02119205298013245,0.3310810810810811,0.02294898792384718,8.356543343986544,0.0020309564633236602,0.9293813003589326,0.002103382466398668,0.9320907946562719
86,BTP119 - Minerva Circle,166,546.0,55,5,19,166,WRONG PARKING,SCOOTER,Sunday,6,33.2,0.013742789277231082,0.014735099337748345,0.35135135135135137,0.020499376853324168,8.262529834965013,0.0014216695243265622,0.9308029698832592,0.0013481138587728915,0.9334389085150447
87,"BTP101 - Blood Bank Circle, KH Road",366,1110.0,45,8,4,366,NO PARKING,SCOOTER,Tuesday,3,45.75,0.030709195792331185,0.030298013245033114,0.28378378378378377,0.02858953973097254,8.08622510898636,0.002890207274729824,0.9336931771579889,0.002972347423559508,0.9364112559386043
88,BTP041 - Gopal Gowda Circle,262,927.0,48,6,47,262,NO PARKING,SCOOTER,Monday,2,43.666666666666664,0.02188666440447913,0.025248344370860928,0.30405405405405406,0.0272465512054665,8.030071334277585,0.0024137136429500422,0.936106890800939,0.0021277459698704673,0.9385390019084747
89,BTP120 - Lalbagh Main Gate Junction,163,510.0,52,5,10,163,NO PARKING,CAR,Monday,10,32.6,0.013488293179504581,0.013741721854304636,0.3310810810810811,0.02011259615797843,7.808919624277098,0.0013279330721731625,0.9374348238731122,0.0013237503553010922,0.9398627522637758
90,BTP173 - TMC,133,402.0,53,4,1,133,WRONG PARKING,CAR,Saturday,10,33.25,0.010943332202239565,0.01076158940397351,0.33783783783783783,0.02053160857793631,7.769686480632061,0.0010467237157129633,0.9384815475888252,0.0010801153205830998,0.9409428675843589
91,"BTP033 - Sophia High School, Sankey Road",161,483.0,51,4,0,161,WRONG PARKING,SCOOTER,Wednesday,1,40.25,0.01331862911435358,0.012996688741721855,0.32432432432432434,0.025044050023636598,7.716590216231908,0.0012576307330581127,0.9397391783218833,0.001307508019653226,0.942250375604012
92,BTP075 - Police Corner,152,474.0,52,6,9,152,WRONG PARKING,CAR,Tuesday,8,25.333333333333332,0.012555140821174076,0.012748344370860927,0.3310810810810811,0.015428252181013366,7.675891681952178,0.0012341966200197629,0.940973374941903,0.0012344175092378284,0.9434847931132498
93,"BTP145 - Sri Hatti Maramma Circle, Domluru",160,483.0,50,4,1,160,NO PARKING,CAR,Saturday,3,40.0,0.01323379708177808,0.012996688741721855,0.31756756756756754,0.024882891400575875,7.576492740773598,0.0012576307330581127,0.9422310056749611,0.0012993868518292931,0.9447841799650791
94,"BTP176 - Rajalakshmi Kalyana Mantapa, JP Nagar",157,519.0,47,3,16,157,NO PARKING,CAR,Thursday,5,52.333333333333336,0.012979300984051577,0.013990066225165562,0.2972972972972973,0.03283338347157162,7.317478045421863,0.0013513671852115124,0.9435823728601727,0.0012750233483574938,0.9460592033134366
95,BTP079 - Town Hall Junction,124,378.0,49,3,2,124,WRONG PARKING,CAR,Tuesday,11,41.333333333333336,0.01017984390906006,0.01009933774834437,0.3108108108108108,0.025742404056899742,7.261224415533568,0.000984232747610697,0.9445666056077834,0.001007024810167702,0.9470662281236043
96,BTP098 - Nayandahalli Junction,159,658.5,48,11,62,159,WRONG PARKING,MAXI-CAB,Tuesday,3,14.454545454545455,0.013148965049202578,0.017839403973509933,0.30405405405405406,0.008415410280552744,7.226160325838298,0.0017145959373059362,0.9462812015450893,0.00129126568400536,0.9483574938076097
97,BTP100 - Richmond Circle,271,828.0,42,6,5,271,NO PARKING,SCOOTER,Saturday,4,45.166666666666664,0.022650152697658636,0.022516556291390728,0.2635135135135135,0.028213502943830848,7.161056865556166,0.002155938399528193,0.9484371399446175,0.002200836480285865,0.9505583302878956
98,BTP155 - Katriguppe Junction,293,954.0,38,5,25,293,NO PARKING,SCOOTER,Wednesday,11,58.6,0.024516457414319646,0.02599337748344371,0.23648648648648649,0.03687309295629378,6.928088058424256,0.002484015982065092,0.9509211559266826,0.002379502172412393,0.9529378324603079
99,BTP214 - 5th Main Chamrajpet  Junction,171,619.5,45,15,38,171,WRONG PARKING,SCOOTER,Tuesday,11,11.4,0.014166949440108585,0.01676324503311258,0.28378378378378377,0.006446344922428983,6.784092908874309,0.0016130481141397532,0.9525342040408223,0.001388719697892557,0.9543265521582005
100,BTP216 - Yediyur Junction,158,480.0,44,4,2,158,WRONG PARKING,CAR,Saturday,6,39.5,0.013064133016627079,0.012913907284768211,0.27702702702702703,0.024560574154454427,6.752859898323056,0.0012498193620453294,0.9537840234028677,0.001283144516181427,0.9556096966743819
101,BTP122 - Siddapura Junction,129,388.5,46,6,1,129,NO PARKING,PASSENGER AUTO,Tuesday,2,21.5,0.010604004071937564,0.01038907284768212,0.2905405405405405,0.012957153294082256,6.6869057820490445,0.0010115725461554384,0.9547955959490232,0.0010476306492873675,0.9566573273236693
102,BTP047 - Vidhan Soudha Metro Station,189,603.0,40,5,12,189,NO PARKING,CAR,Monday,11,37.8,0.015693926026467596,0.01630794701986755,0.25,0.023464695517641496,6.393566359254015,0.0015700855735694451,0.9563656815225926,0.0015349007187233524,0.9581922280423926
103,BTP064 - Devanga Hostel Junction,95,294.0,44,3,3,95,NO PARKING,CAR,Sunday,5,31.666666666666668,0.007719714964370546,0.007781456953642384,0.27702702702702703,0.019510937298551724,6.337147042327416,0.0007655143592527643,0.9571311958818454,0.0007715109432736428,0.9589637389856662
104,BTP166 - Coffee Board Junction,111,339.0,44,5,2,111,NO PARKING,CAR,Wednesday,7,22.2,0.009077027485578554,0.00902317880794702,0.27702702702702703,0.013408397438652285,6.3297885849658275,0.0008826849244445139,0.9580138808062899,0.0009014496284565721,0.9598651886141228
105,BTP052 - CID Carlton House Junction,176,544.5,41,8,6,176,NO PARKING,CAR,Wednesday,7,22.0,0.014591109602986088,0.014693708609271524,0.25675675675675674,0.013279470540203706,6.286340282652277,0.0014177638388201705,0.9594316446451101,0.0014293255370122224,0.9612945141511351
106,BTP203 - RRMR Junction,121,408.0,43,7,22,121,NO PARKING,CAR,Sunday,23,17.285714285714285,0.00992534781133356,0.010927152317880795,0.2702702702702703,0.010240479362487183,6.2392233613085475,0.00106234645773853,0.9604939911028486,0.000982661306695903,0.962277175457831
107,BTP146 - Domlur Water Tank,122,366.0,43,6,0,122,NO PARKING,CAR,Sunday,11,20.333333333333332,0.01001017984390906,0.0097682119205298,0.2702702702702703,0.012205079719798874,6.230674413738203,0.0009529872635595637,0.9614469783664081,0.000990782474519836,0.9632679579323509
108,"BTP221 - 15th Cross, 24th Main, JP Nagar",95,330.0,44,6,15,95,NO PARKING,CAR,Wednesday,9,15.833333333333334,0.007719714964370546,0.008774834437086093,0.27702702702702703,0.009304224504705833,6.218814562340258,0.0008592508114061639,0.9623062291778143,0.0007715109432736428,0.9640394688756245
109,BTP184 - Lalbagh West Gate,195,594.0,38,6,4,195,NO PARKING,SCOOTER,Monday,3,32.5,0.016202918221920597,0.016059602649006622,0.23648648648648649,0.02004813270875414,6.078625359733892,0.001546651460531095,0.9638528806383454,0.001583627725666951,0.9656230966012915
110,"BTP113 - 27th Cross, Pai Vista, KR Road",111,339.0,42,5,2,111,NO PARKING,SCOOTER,Saturday,11,22.2,0.009077027485578554,0.00902317880794702,0.2635135135135135,0.013408397438652285,6.059518314695557,0.0008826849244445139,0.9647355655627899,0.0009014496284565721,0.9665245462297481
111,BTP132 - Anepalya Junction,147,453.0,38,5,4,147,NO PARKING,CAR,Tuesday,10,29.4,0.012130980658296573,0.01216887417218543,0.23648648648648649,0.018049765782801153,5.790316232247134,0.0011795170229302796,0.9659150825857202,0.001193811670118163,0.9677183578998663
112,"BTP191 - 40th Cross, 4th Main, Jayanagar",88,270.0,41,9,2,88,WRONG PARKING,CAR,Wednesday,3,9.777777777777779,0.007125890736342043,0.007119205298013245,0.25675675675675674,0.005400604523901615,5.679093110514385,0.0007030233911504977,0.9666181059768707,0.0007146627685061112,0.9684330206683723
113,"BTP168 - MSR Building, JC Road",123,384.0,38,4,5,123,NO PARKING,SCOOTER,Thursday,6,30.75,0.010095011876484561,0.010264900662251655,0.23648648648648649,0.018920022347329066,5.67565194441301,0.0009998554896362634,0.9676179614665069,0.000998903642343769,0.9694319243107161
114,"BTP188 - 27th Cross, 4th Main, Jayanagar",256,786.0,30,4,6,256,NO PARKING,SCOOTER,Tuesday,8,64.0,0.021377672209026127,0.021357615894039735,0.18243243243243243,0.04035411921440543,5.642807159426905,0.002046579205349227,0.9696645406718561,0.002079018962926869,0.971510943273643
115,BTP106 - VV Puram College,134,408.0,38,7,2,134,NO PARKING,CAR,Sunday,2,19.142857142857142,0.011028164234815067,0.010927152317880795,0.23648648648648649,0.011437657705223996,5.614589853478369,0.00106234645773853,0.9707268871295947,0.001088236488407033,0.97259917976205
116,BTP105 - Shivasankara Circle,178,549.0,34,4,5,178,NO PARKING,SCOOTER,Wednesday,3,44.5,0.014760773668137089,0.014817880794701987,0.20945945945945946,0.027783746615668917,5.567394426282905,0.0014294808953393455,0.972156368024934,0.0014455678726600885,0.97404474763471
117,BTP207 - 8th Main Road Basaveshwara Nagar,197,621.0,33,5,10,197,WRONG PARKING,CAR,Sunday,10,39.4,0.0163725822870716,0.016804635761589404,0.20270270270270271,0.024496110705230136,5.500835434900283,0.0016169537996461448,0.9737733218245801,0.0015998700613148171,0.9756446176960248
118,BTP138 - Sarjapur Road Check Post,70,219.0,38,7,3,70,NO PARKING,CAR,Tuesday,3,10.0,0.005598914149983034,0.005711920529801325,0.23648648648648649,0.005543856633288925,5.180772222271601,0.0005702300839331815,0.9743435519085133,0.0005684817476753157,0.9762130994437002
119,BTP121 - KH Circle,75,232.5,36,3,3,75,NO PARKING,CAR,Sunday,9,25.0,0.006023074312860536,0.006084437086092715,0.22297297297297297,0.0152133740169324,5.081307597112507,0.0006053812534907064,0.974948933162004,0.0006090875867949811,0.9768221870304952
120,BTP017 - Attiguppe Circle,337,1033.5,24,8,8,337,WRONG PARKING,SCOOTER,Wednesday,11,42.125,0.02824906684764167,0.02818708609271523,0.14189189189189189,0.026252739696592035,5.065648951961001,0.00269101731390385,0.9776399504759079,0.0027368335566654487,0.9795590205871606
121,BTP222 - Delmia Circle,85,285.0,36,6,10,85,NO PARKING,CAR,Monday,3,14.166666666666666,0.006871394638615541,0.007533112582781457,0.22297297297297297,0.008229833684301,5.052707744279792,0.0007420802462144143,0.9783820307221223,0.0006902992650343119,0.9802493198521949
122,BTP009 - Prakash Nagar Junction,178,534.0,30,4,0,178,WRONG PARKING,SCOOTER,Friday,3,44.5,0.014760773668137089,0.014403973509933774,0.18243243243243243,0.027783746615668917,5.012367130775478,0.001390424040275429,0.9797724547623977,0.0014455678726600885,0.9816948877248549
123,"BTP159 - JP Nagar Metro, ORR",80,255.0,36,7,5,80,NO PARKING,CAR,Friday,3,11.428571428571429,0.006447234475738039,0.006705298013245033,0.22297297297297297,0.00646476305077878,4.984533369956859,0.0006639665360865813,0.9804364212984843,0.0006496934259146466,0.9823445811507696
124,"BTP094 - Sri Skanda Complex, Mysore Road",85,348.0,34,4,31,85,NO PARKING,CAR,Tuesday,4,21.25,0.006871394638615541,0.009271523178807948,0.20945945945945946,0.012795994671021532,4.911774259671257,0.0009061190374828638,0.9813425403359671,0.0006902992650343119,0.9830348804158039
125,BTP171 - Indian Express (Balekundri),97,303.0,34,7,4,97,WRONG PARKING,CAR,Wednesday,5,13.857142857142858,0.007889379029521547,0.008029801324503311,0.20945945945945946,0.008030303960511532,4.827368165840125,0.0007889484722911141,0.9821314888082583,0.0007877532789215089,0.9838226336947254
126,BTP217 - Baleyele Junction,83,264.0,33,5,5,83,NO PARKING,SCOOTER,Wednesday,9,16.6,0.00670173057346454,0.00695364238410596,0.20270270270270271,0.009798444282092054,4.64546011893308,0.0006874006491249311,0.9828188894573833,0.0006740569293864458,0.9844966906241119
127,BTP193 - Vasavi Circle,102,309.0,32,6,1,102,NO PARKING,CAR,Monday,4,17.0,0.00831353919239905,0.008195364238410595,0.19594594594594594,0.010056298078989213,4.6060073142201,0.0008045712143166807,0.9836234606716999,0.0008283591180411744,0.9853250497421531
128,BTP092 - Bangalore Builders Junction,85,379.5,32,7,42,85,PARKING IN A MAIN ROAD,CAR,Saturday,2,12.142857142857142,0.006871394638615541,0.010140728476821192,0.19594594594594594,0.006925216259523707,4.583864498658983,0.0009881384331170886,0.984611599104817,0.0006902992650343119,0.9860153490071873
129,BTP133 - Adugodi Junction,67,229.5,33,5,10,67,NO PARKING,CAR,Sunday,3,13.4,0.005344418052256532,0.006001655629139073,0.20270270270270271,0.007735613906914779,4.540478751245339,0.0005975698824779231,0.9852091689872949,0.0005441182442035165,0.9865594672513909
130,"BTP202 - East End Main Road, Jayanagar",116,465.0,28,7,43,116,NO PARKING,CAR,Sunday,2,16.571428571428573,0.009501187648456057,0.0125,0.16891891891891891,0.009780026153742257,4.247614400138193,0.0012107625069814128,0.9864199314942763,0.0009420554675762375,0.9875015227189671
131,"BTP190 - 36th Cross, 4th Main, Jayanagar",117,354.0,27,6,1,117,NO PARKING,SCOOTER,Sunday,5,19.5,0.009586019681031557,0.009437086092715232,0.16216216216216217,0.01166788430959646,4.03614011156317,0.0009217417795084305,0.9873416732737847,0.0009501766354001706,0.9884516993543673
132,"BTP093 - Toll Gate, Mysore Road",72,273.0,26,6,21,72,NO PARKING,CAR,Thursday,11,12.0,0.005768578215134035,0.007201986754966887,0.1554054054054054,0.006833125617774722,3.635731875252591,0.0007108347621632811,0.988052508035948,0.0005847240833231819,0.9890364234376905
133,"BTP089 - Police Quarters, Sultan Road",80,333.0,25,7,31,80,WRONG PARKING,LGV,Thursday,2,11.428571428571429,0.006447234475738039,0.008857615894039736,0.14864864864864866,0.00646476305077878,3.5733780092981866,0.0008670621824189473,0.988919570218367,0.0006496934259146466,0.9896861168636052
134,BTP030 - Mekhri Circle,70,240.0,25,6,10,70,WRONG PARKING,CAR,Friday,11,11.666666666666666,0.005598914149983034,0.006291390728476821,0.14864864864864866,0.006618247453693755,3.460412784774559,0.0006249096810226647,0.9895444798993897,0.0005684817476753157,0.9902545986112805
135,"BTP015 - Suguna Hospital, Dr. Rajkumar Road",79,237.0,24,4,0,79,WRONG PARKING,CAR,Sunday,10,19.75,0.006362402443162538,0.006208609271523178,0.14189189189189189,0.011829042932657184,3.4234468796258835,0.0006170983100098814,0.9901615782093995,0.0006415722580907135,0.9908961708693712
136,BTP036 - Police Thimmaiah Circle (GPO),74,231.0,24,5,3,74,NO PARKING,CAR,Wednesday,7,14.8,0.0059382422802850355,0.006043046357615894,0.14189189189189189,0.008638102196054837,3.357063261703768,0.0006014755679843147,0.9907630537773838,0.000600966418971048,0.9914971372883422
137,"BTP127 - Sagar Hospital, Jayanagar",68,315.0,22,8,37,68,PARKING IN A MAIN ROAD,CAR,Saturday,3,8.5,0.005429250084832033,0.008360927152317881,0.12837837837837837,0.004576904894924578,3.0917310938675233,0.0008201939563422475,0.9915832477337261,0.0005522394120274495,0.9920493767003696
138,BTP035 - Basaweshwara Circle (LH) Junction,31,96.0,24,3,1,31,NO PARKING,CAR,Wednesday,1,10.333333333333334,0.002290464879538514,0.002317880794701987,0.14189189189189189,0.005758734797369891,3.0740586339991114,0.00024996387240906585,0.9918332116061351,0.0002517562025419255,0.9923011329029116
139,BTP196 - Sarakki Main Road,69,211.5,22,6,2,69,WRONG PARKING,SCOOTER,Thursday,11,11.5,0.005514082117407533,0.005504966887417219,0.12837837837837837,0.006510808371653272,3.023325997724195,0.0005507016564012232,0.9923839132625364,0.0005603605798513826,0.992861493482763
140,"BTP179 - 9th Block, 28th Main, Jayanagar",80,331.5,20,4,35,80,NO PARKING,SCOOTER,Sunday,2,20.0,0.006447234475738039,0.008816225165562915,0.11486486486486487,0.011990201555717908,2.9791352356999092,0.0008631564969125556,0.993247069759449,0.0006496934259146466,0.9935111869086777
141,BTP134 - Mico Bande,37,117.0,23,5,2,37,WRONG PARKING,CAR,Saturday,3,7.4,0.002799457074991517,0.0028973509933774835,0.13513513513513514,0.0038678069534573895,2.946110804022521,0.00030464346949854904,0.9935517132289475,0.000300483209485524,0.9938116701181632
142,BTP053 - Three Let Junction,46,151.5,22,7,5,46,WRONG PARKING,PASSENGER AUTO,Sunday,10,6.571428571428571,0.0035629453681710215,0.003849337748344371,0.12837837837837837,0.0033336812313132735,2.8591879682744503,0.00039447423614555707,0.9939461874650931,0.00037357371990092174,0.9941852438380641
143,BTP212 - Minto Junction,68,213.0,20,5,3,68,NO PARKING,CAR,Thursday,8,13.6,0.005429250084832033,0.00554635761589404,0.11486486486486487,0.007864540805363359,2.772265428479,0.0005546073419076149,0.9945007948070007,0.0005522394120274495,0.9947374832500915
144,BTP187 - South End Circle,46,138.0,21,7,0,46,WRONG PARKING,CAR,Sunday,10,6.571428571428571,0.0035629453681710215,0.00347682119205298,0.12162162162162163,0.0033336812313132735,2.7110147536691165,0.0003593230665880322,0.9948601178735887,0.00037357371990092174,0.9951110569699924
145,BTP128 - Gorappanapalya Junction,51,174.0,20,5,7,51,NO PARKING,SCOOTER,Sunday,12,10.2,0.003987105531048524,0.004470198675496689,0.11486486486486487,0.0056727835317375045,2.6584591698472,0.0004530595187414319,0.9953131773923302,0.0004141795590205872,0.9955252365290129
146,BTP141 - Palmgroove Junction,37,120.0,20,8,3,37,NO PARKING,CAR,Tuesday,4,4.625,0.002799457074991517,0.002980132450331126,0.11486486486486487,0.002078946237483347,2.5167698388708826,0.00031245484051133234,0.9956256322328415,0.000300483209485524,0.9958257197384984
147,BTP107 - National College Junction,73,225.0,17,5,2,73,NO PARKING,SCOOTER,Saturday,3,14.6,0.005853410247709535,0.005877483443708609,0.0945945945945946,0.008509175297606256,2.4008437493170733,0.0005858528259587481,0.9962114850588003,0.000592845251147115,0.9964185649896455
148,BTP185 - RV Teachers College,54,168.0,16,4,2,54,NO PARKING,CAR,Sunday,11,13.5,0.004241601628775025,0.004304635761589404,0.08783783783783784,0.007800077356139069,2.151668217617723,0.00043743677671586527,0.9966489218355161,0.0004385430624923864,0.9968571080521379
149,"BTP200 - 15th Cross, 33rd Main, JP Nagar",23,69.0,16,2,0,23,NO PARKING,CAR,Friday,7,11.5,0.0016118086189345097,0.0015728476821192054,0.08783783783783784,0.006510808371653272,1.9578228097737633,0.0001796615332940161,0.9968285833688101,0.00018678685995046087,0.9970438949120883
150,"BTP114 - KR Road Junction, Near JSS",56,183.0,14,5,5,56,NO PARKING,SCOOTER,Monday,11,11.2,0.004411265693926026,0.004718543046357616,0.07432432432432433,0.006317418023980403,1.87873473428649,0.00047649363177978184,0.9973050770005899,0.00045478539814025257,0.9974986803102286
151,BTP158 - Devegowda Petrol Bunk,42,135.0,15,8,3,42,WRONG PARKING,SCOOTER,Monday,11,5.25,0.0032236172378690194,0.003394039735099338,0.08108108108108109,0.0024818427951351584,1.8743491714131963,0.00035151169557524886,0.9976565886961651,0.0003410890486051894,0.9978397693588338
152,BTP077 - Halasuru Gate Junction,24,72.0,15,3,0,24,WRONG PARKING,SCOOTER,Sunday,8,8.0,0.0016966406515100101,0.0016556291390728477,0.08108108108108109,0.004254587648803128,1.7942866757665186,0.00018747290430679942,0.9978440616004719,0.00019490802777439396,0.9980346773866082
153,BTP006 - Navarang Bar Junction,38,114.0,12,5,0,38,WRONG PARKING,CAR,Friday,5,7.6,0.0028842891075670173,0.002814569536423841,0.060810810810810814,0.003996733851905969,1.4612058309966507,0.00029683209848576573,0.9981408936989576,0.0003086043773094571,0.9983432817639177
154,"BTP025 - Puttamma Choultry, Nagarbhavi",20,60.0,12,5,0,20,NO PARKING,CAR,Saturday,3,4.0,0.0013573125212080082,0.0013245033112582781,0.060810810810810814,0.0016760496798315357,1.3284339529439693,0.00015622742025566617,0.9982971211192133,0.00016242335647866164,0.9985057051203964
155,"BTP164 - 29th Main Road, BTM Layout",40,121.5,10,5,1,40,WRONG PARKING,SCOOTER,Thursday,11,8.0,0.003053953172718018,0.003021523178807947,0.0472972972972973,0.004254587648803128,1.2071366671178116,0.000316360526017724,0.998613481645231,0.0003248467129573233,0.9988305518333537
156,BTP157 - Kadirenahalli Cross,15,51.0,11,5,2,15,WRONG PARKING,CAR,Thursday,2,3.0,0.0009331523583305056,0.001076158940397351,0.05405405405405406,0.0010314151875886373,1.162212442558733,0.00013279330721731626,0.9987462749524483,0.00012181751735899622,0.9989523693507126
157,BTP213 - Royan Circle,19,93.0,9,4,12,19,PARKING IN A MAIN ROAD,CAR,Friday,7,4.75,0.0012724804886325076,0.0022350993377483444,0.04054054054054054,0.0021595255490137093,0.9596065855261838,0.00024215250139628257,0.9989884274538445,0.00015430218865472855,0.9991066715393674
158,BTP143 - ASC Junction,15,48.0,9,3,1,15,NO PARKING,HGV,Saturday,0,5.0,0.0009331523583305056,0.0009933774834437086,0.04054054054054054,0.002320684172074434,0.9083838560623723,0.00012498193620453293,0.9991134093900491,0.00012181751735899622,0.9992284890567263
159,"BTP161 - 15th Cross, 35th Main, JP Nagar",12,42.0,8,3,2,12,WRONG PARKING,CAR,Friday,11,4.0,0.0006786562606040041,0.0008278145695364238,0.033783783783783786,0.0016760496798315357,0.7501496186250437,0.00010935919417896632,0.9992227685842281,9.745401388719698e-05,0.9993259430706135
160,BTP156 - Kamakya Junction,12,40.5,7,5,2,12,WRONG PARKING,CAR,Tuesday,10,2.4,0.0006786562606040041,0.0007864238410596027,0.02702702702702703,0.0006446344922428983,0.5980945801793902,0.00010545350867257466,0.9993282220929006,9.745401388719698e-05,0.9994233970845007
161,BTP181 - Bileka Halli Junction,8,27.0,7,3,1,8,WRONG PARKING,CAR,Friday,10,2.6666666666666665,0.00033932813030200206,0.0004139072847682119,0.02702702702702703,0.0008165370235076712,0.5774551947691031,7.030233911504978e-05,0.9993985244320157,6.496934259146466e-05,0.9994883664270922
162,BTP142 - Lower Agram Road Junction,21,90.0,5,3,9,21,WRONG PARKING,CAR,Monday,2,7.0,0.0014421445537835087,0.002152317880794702,0.013513513513513514,0.00360995315656023,0.44301503005999354,0.00023434113038349927,0.9996328655623992,0.0001705445243025947,0.9996589109513947
163,BTP154 - Itmadu Junction,7,24.0,5,5,1,7,WRONG PARKING,CAR,Wednesday,11,1.4,0.00025449609772650153,0.00033112582781456954,0.013513513513513514,0.0,0.28949455717557526,6.249096810226646e-05,0.9996953565305015,5.684817476753157e-05,0.9997157591261622
164,"BTP178 - 18th Main, Marenahalli",7,24.0,4,1,1,7,WRONG PARKING,SCOOTER,Thursday,8,7.0,0.00025449609772650153,0.00033112582781456954,0.006756756756756757,0.00360995315656023,0.20850871938884358,6.249096810226646e-05,0.9997578474986037,5.684817476753157e-05,0.9997726073009296
165,"BTP112 - 14th Cross, KR Road",10,33.0,4,3,1,10,NO PARKING,CAR,Thursday,5,3.3333333333333335,0.0005089921954530031,0.0005794701986754967,0.006756756756756757,0.0012462933516696035,0.18938075822741168,8.592508114061639e-05,0.9998437725797443,8.121167823933082e-05,0.999853818979169
166,"BTP198 - 9th Cross, 8th Main, JP Nagar",7,27.0,4,3,2,7,NO PARKING,SCOOTER,Thursday,6,2.3333333333333335,0.00025449609772650153,0.0004139072847682119,0.006756756756756757,0.0006016588594267052,0.16628165592521818,7.030233911504978e-05,0.9999140749188594,5.684817476753157e-05,0.9999106671539365
167,"BTP110 - Bharathi Nursing Home, Basavanagudi",7,21.0,4,3,0,7,WRONG PARKING,CAR,Wednesday,4,2.3333333333333335,0.00025449609772650153,0.00024834437086092715,0.006756756756756757,0.0006016588594267052,0.1604869539384632,5.467959708948316e-05,0.9999687545159489,5.684817476753157e-05,0.999967515328704
168,BTP144 - Commando Hospital Junction,4,12.0,3,2,0,4,NO PARKING,VAN,Tuesday,4,2.0,0.0,0.0,0.0,0.00038678069534573903,0.005801710430186085,3.124548405113323e-05,1.0,3.248467129573233e-05,0.9999999999999997
